{"cameraMode":{"drawMode":0,"name":"Shaded","section":"Shading Mode"},"sceneLighting":false,"audioPlay":false,"sceneViewState":{"showFog":true,"showMaterialUpdate":false,"showSkybox":false,"showFlares":true,"showImageEffects":true,"showParticleSystems":true},"in2DMode":false,"pivot":{"x":-0.7679344415664673,"y":2.3564975261688234,"z":-0.0009455084800720215},"rotation":{"x":-0.005330991465598345,"y":-0.8700570464134216,"z":0.009403743781149388,"w":-0.49285387992858889},"size":4.659923076629639,"orthographic":false}