{"cameraMode":{"drawMode":0,"name":"Shaded","section":"Shading Mode"},"sceneLighting":true,"audioPlay":false,"sceneViewState":{"showFog":true,"showMaterialUpdate":false,"showSkybox":true,"showFlares":true,"showImageEffects":true,"showParticleSystems":true},"in2DMode":false,"pivot":{"x":1.1992653608322144,"y":0.9039036631584168,"z":2.5038747787475588},"rotation":{"x":0.02129303105175495,"y":-0.024014975875616075,"z":0.0004980668891221285,"w":0.9995764493942261},"size":5.064316749572754,"orthographic":false}