{"cameraMode":{"drawMode":0,"name":"Shaded","section":"Shading Mode"},"sceneLighting":false,"audioPlay":false,"sceneViewState":{"showFog":true,"showMaterialUpdate":false,"showSkybox":true,"showFlares":true,"showImageEffects":true,"showParticleSystems":true},"in2DMode":false,"pivot":{"x":-1.4548542499542237,"y":0.6849757432937622,"z":1.1433706283569337},"rotation":{"x":-0.16733577847480775,"y":0.2122967541217804,"z":-0.036933328956365588,"w":-0.9620822072029114},"size":3.433612585067749,"orthographic":false}