{"cameraMode":{"drawMode":0,"name":"Shaded","section":"Shading Mode"},"sceneLighting":false,"audioPlay":false,"sceneViewState":{"showFog":true,"showMaterialUpdate":false,"showSkybox":false,"showFlares":true,"showImageEffects":true,"showParticleSystems":true},"in2DMode":false,"pivot":{"x":-0.841808557510376,"y":2.424335479736328,"z":-0.0008757710456848145},"rotation":{"x":0.04162685200572014,"y":-0.8872343897819519,"z":0.08168602734804154,"w":0.4521271586418152},"size":4.725826263427734,"orthographic":false}