{"cameraMode":{"drawMode":0,"name":"Shaded","section":"Shading Mode"},"sceneLighting":false,"audioPlay":false,"sceneViewState":{"showFog":true,"showMaterialUpdate":false,"showSkybox":false,"showFlares":true,"showImageEffects":true,"showParticleSystems":true},"in2DMode":false,"pivot":{"x":-1.4415558576583863,"y":2.3695576190948488,"z":2.61503005027771},"rotation":{"x":-0.05191309005022049,"y":0.10197968780994415,"z":-0.005329201929271221,"w":-0.9934167265892029},"size":4.7412333488464359,"orthographic":false}