{"cameraMode":{"drawMode":0,"name":"Shaded","section":"Shading Mode"},"sceneLighting":false,"audioPlay":false,"sceneViewState":{"showFog":true,"showMaterialUpdate":false,"showSkybox":false,"showFlares":true,"showImageEffects":true,"showParticleSystems":true},"in2DMode":false,"pivot":{"x":-3.1473000049591066,"y":2.975618600845337,"z":0.14541667699813844},"rotation":{"x":-0.002287979470565915,"y":0.7226321697235107,"z":-0.002391800982877612,"w":-0.6912394762039185},"size":4.3258795738220219,"orthographic":false}