{"cameraMode":{"drawMode":0,"name":"Shaded","section":"Shading Mode"},"sceneLighting":false,"audioPlay":false,"sceneViewState":{"showFog":true,"showMaterialUpdate":false,"showSkybox":false,"showFlares":true,"showImageEffects":true,"showParticleSystems":true},"in2DMode":false,"pivot":{"x":-4.3613762855529789,"y":2.7813477516174318,"z":0.9641244411468506},"rotation":{"x":0.03188035264611244,"y":-0.6085957288742065,"z":0.024487169459462167,"w":0.7924718856811523},"size":4.7412333488464359,"orthographic":false}