{"cameraMode":{"drawMode":0,"name":"Shaded","section":"Shading Mode"},"sceneLighting":false,"audioPlay":false,"sceneViewState":{"showFog":true,"showMaterialUpdate":false,"showSkybox":false,"showFlares":true,"showImageEffects":true,"showParticleSystems":true},"in2DMode":false,"pivot":{"x":-0.7809325456619263,"y":2.3773155212402345,"z":-0.000036776065826416016},"rotation":{"x":0.014142563566565514,"y":0.8908225297927856,"z":0.027794085443019868,"w":-0.4532906115055084},"size":4.768733024597168,"orthographic":false}