{"cameraMode":{"drawMode":0,"name":"Shaded","section":"Shading Mode"},"sceneLighting":false,"audioPlay":false,"sceneViewState":{"showFog":true,"showMaterialUpdate":false,"showSkybox":false,"showFlares":true,"showImageEffects":true,"showParticleSystems":true},"in2DMode":false,"pivot":{"x":-3.167780876159668,"y":2.0781421661376955,"z":-1.6109662055969239},"rotation":{"x":0.05650794506072998,"y":-0.8746686577796936,"z":0.10520975291728974,"w":0.46979254484176638},"size":4.709786891937256,"orthographic":false}