{"cameraMode":{"drawMode":0,"name":"Shaded","section":"Shading Mode"},"sceneLighting":false,"audioPlay":false,"sceneViewState":{"showFog":true,"showMaterialUpdate":false,"showSkybox":false,"showFlares":true,"showImageEffects":true,"showParticleSystems":true},"in2DMode":false,"pivot":{"x":0.011952318251132965,"y":3.048048734664917,"z":0.19624806940555573},"rotation":{"x":-0.03397158533334732,"y":0.8538587689399719,"z":-0.056193094700574878,"w":-0.5163800120353699},"size":0.5730606317520142,"orthographic":false}