{"cameraMode":{"drawMode":0,"name":"Shaded","section":"Shading Mode"},"sceneLighting":false,"audioPlay":false,"sceneViewState":{"showFog":true,"showMaterialUpdate":false,"showSkybox":false,"showFlares":true,"showImageEffects":true,"showParticleSystems":true},"in2DMode":false,"pivot":{"x":-3.655592441558838,"y":2.541689395904541,"z":0.5534952282905579},"rotation":{"x":-0.02594270184636116,"y":0.6512987613677979,"z":-0.02228940650820732,"w":-0.7580498456954956},"size":4.7412333488464359,"orthographic":false}