{"cameraMode":{"drawMode":0,"name":"Shaded","section":"Shading Mode"},"sceneLighting":false,"audioPlay":false,"sceneViewState":{"showFog":true,"showMaterialUpdate":false,"showSkybox":false,"showFlares":true,"showImageEffects":true,"showParticleSystems":true},"in2DMode":false,"pivot":{"x":-3.187008857727051,"y":3.0292155742645265,"z":-0.6723333597183228},"rotation":{"x":0.005159616470336914,"y":0.8046308755874634,"z":0.006992639508098364,"w":-0.5937204360961914},"size":4.768733024597168,"orthographic":false}