{"cameraMode":{"drawMode":0,"name":"Shaded","section":"Shading Mode"},"sceneLighting":false,"audioPlay":false,"sceneViewState":{"showFog":true,"showMaterialUpdate":false,"showSkybox":false,"showFlares":true,"showImageEffects":true,"showParticleSystems":true},"in2DMode":false,"pivot":{"x":-2.0103960037231447,"y":2.356091260910034,"z":0.0036155879497528078},"rotation":{"x":0.11878404021263123,"y":-0.7122750282287598,"z":0.12433013319969177,"w":0.6805250644683838},"size":1.948479413986206,"orthographic":false}