{"cameraMode":{"drawMode":0,"name":"Shaded","section":"Shading Mode"},"sceneLighting":false,"audioPlay":false,"sceneViewState":{"showFog":true,"showMaterialUpdate":false,"showSkybox":false,"showFlares":true,"showImageEffects":true,"showParticleSystems":true},"in2DMode":false,"pivot":{"x":-4.853077411651611,"y":2.231884241104126,"z":0.02698080614209175},"rotation":{"x":0.08310507982969284,"y":-0.6992933750152588,"z":0.0824163630604744,"w":0.7052048444747925},"size":4.709012508392334,"orthographic":false}