{"cameraMode":{"drawMode":0,"name":"Shaded","section":"Shading Mode"},"sceneLighting":false,"audioPlay":false,"sceneViewState":{"showFog":true,"showMaterialUpdate":false,"showSkybox":false,"showFlares":true,"showImageEffects":true,"showParticleSystems":true},"in2DMode":false,"pivot":{"x":-2.004896879196167,"y":2.718597173690796,"z":1.0579506158828736},"rotation":{"x":-0.020403215661644937,"y":0.5090934634208679,"z":-0.012072684243321419,"w":-0.8603856563568115},"size":4.7412333488464359,"orthographic":false}