{"cameraMode":{"drawMode":0,"name":"Shaded","section":"Shading Mode"},"sceneLighting":false,"audioPlay":false,"sceneViewState":{"showFog":true,"showMaterialUpdate":false,"showSkybox":false,"showFlares":true,"showImageEffects":true,"showParticleSystems":true},"in2DMode":false,"pivot":{"x":-2.643643617630005,"y":2.5154507160186769,"z":1.4849042892456055},"rotation":{"x":0.025396710261702539,"y":-0.545425534248352,"z":0.01653529517352581,"w":0.8376207947731018},"size":4.7412333488464359,"orthographic":false}