{"cameraMode":{"drawMode":0,"name":"Shaded","section":"Shading Mode"},"sceneLighting":false,"audioPlay":false,"sceneViewState":{"showFog":true,"showMaterialUpdate":false,"showSkybox":false,"showFlares":true,"showImageEffects":true,"showParticleSystems":true},"in2DMode":false,"pivot":{"x":-3.345996618270874,"y":1.0288887023925782,"z":0.03698349371552467},"rotation":{"x":-0.01915990561246872,"y":0.6963916420936585,"z":-0.01860567182302475,"w":-0.7171918153762817},"size":4.577288627624512,"orthographic":false}