{"cameraMode":{"drawMode":0,"name":"Shaded","section":"Shading Mode"},"sceneLighting":false,"audioPlay":false,"sceneViewState":{"showFog":true,"showMaterialUpdate":false,"showSkybox":true,"showFlares":true,"showImageEffects":true,"showParticleSystems":true},"in2DMode":false,"pivot":{"x":0.11567510664463043,"y":0.650288999080658,"z":0.2704392671585083},"rotation":{"x":-0.05516529455780983,"y":0.024257801473140718,"z":-0.0013406638754531742,"w":-0.9981816411018372},"size":3.388005256652832,"orthographic":false}