{"cameraMode":{"drawMode":0,"name":"Shaded","section":"Shading Mode"},"sceneLighting":false,"audioPlay":false,"sceneViewState":{"showFog":true,"showMaterialUpdate":false,"showSkybox":false,"showFlares":true,"showImageEffects":true,"showParticleSystems":true},"in2DMode":false,"pivot":{"x":-0.3666284680366516,"y":2.9792332649230959,"z":-0.11195939779281616},"rotation":{"x":0.0012070242082700134,"y":-0.06835237890481949,"z":0.00008198810246540233,"w":0.9976717829704285},"size":2.73783802986145,"orthographic":false}