{"cameraMode":{"drawMode":0,"name":"Shaded","section":"Shading Mode"},"sceneLighting":false,"audioPlay":false,"sceneViewState":{"showFog":true,"showMaterialUpdate":false,"showSkybox":false,"showFlares":true,"showImageEffects":true,"showParticleSystems":true},"in2DMode":false,"pivot":{"x":-1.566964864730835,"y":3.1961841583251955,"z":0.3382742702960968},"rotation":{"x":-0.04942350834608078,"y":-0.5877971649169922,"z":-0.036013390868902209,"w":0.8067038655281067},"size":1.948479413986206,"orthographic":false}