{"cameraMode":{"drawMode":0,"name":"Shaded","section":"Shading Mode"},"sceneLighting":false,"audioPlay":false,"sceneViewState":{"showFog":true,"showMaterialUpdate":false,"showSkybox":false,"showFlares":true,"showImageEffects":true,"showParticleSystems":true},"in2DMode":false,"pivot":{"x":-3.8506107330322267,"y":2.957359552383423,"z":0.9641901254653931},"rotation":{"x":-0.009897823445498944,"y":0.5944245457649231,"z":-0.007318525575101376,"w":-0.8040704131126404},"size":4.592809677124023,"orthographic":false}