{"cameraMode":{"drawMode":0,"name":"Shaded","section":"Shading Mode"},"sceneLighting":false,"audioPlay":false,"sceneViewState":{"showFog":true,"showMaterialUpdate":false,"showSkybox":false,"showFlares":true,"showImageEffects":true,"showParticleSystems":true},"in2DMode":false,"pivot":{"x":-2.414445161819458,"y":0.8008192777633667,"z":-2.5082008838653566},"rotation":{"x":-0.0061638979241251949,"y":-0.9245645403862,"z":-0.014970459043979645,"w":0.3807021677494049},"size":4.491054534912109,"orthographic":false}