{"cameraMode":{"drawMode":0,"name":"Shaded","section":"Shading Mode"},"sceneLighting":false,"audioPlay":false,"sceneViewState":{"showFog":true,"showMaterialUpdate":false,"showSkybox":false,"showFlares":true,"showImageEffects":true,"showParticleSystems":true},"in2DMode":false,"pivot":{"x":-2.9917898178100588,"y":2.7875733375549318,"z":2.706169366836548},"rotation":{"x":-0.0220574252307415,"y":0.3664463460445404,"z":-0.00868968851864338,"w":-0.9301397204399109},"size":4.7412333488464359,"orthographic":false}