{"cameraMode":{"drawMode":0,"name":"Shaded","section":"Shading Mode"},"sceneLighting":false,"audioPlay":false,"sceneViewState":{"showFog":true,"showMaterialUpdate":false,"showSkybox":true,"showFlares":true,"showImageEffects":true,"showParticleSystems":true},"in2DMode":false,"pivot":{"x":-0.4644644260406494,"y":1.6913206577301026,"z":-0.3247745931148529},"rotation":{"x":0.014142563566565514,"y":0.8908225297927856,"z":0.027794085443019868,"w":-0.4532906115055084},"size":1.9336127042770386,"orthographic":false}