{"cameraMode":{"drawMode":0,"name":"Shaded","section":"Shading Mode"},"sceneLighting":false,"audioPlay":false,"sceneViewState":{"showFog":true,"showMaterialUpdate":false,"showSkybox":false,"showFlares":true,"showImageEffects":true,"showParticleSystems":true},"in2DMode":false,"pivot":{"x":0.21761184930801392,"y":-0.13112777471542359,"z":-3.026073694229126},"rotation":{"x":-0.005810546688735485,"y":-0.9827108979225159,"z":0.18249046802520753,"w":-0.031253982335329059},"size":4.625071048736572,"orthographic":false}