{"cameraMode":{"drawMode":0,"name":"Shaded","section":"Shading Mode"},"sceneLighting":false,"audioPlay":false,"sceneViewState":{"showFog":true,"showMaterialUpdate":false,"showSkybox":false,"showFlares":true,"showImageEffects":true,"showParticleSystems":true},"in2DMode":false,"pivot":{"x":-2.548941135406494,"y":1.4659521579742432,"z":-0.2690522074699402},"rotation":{"x":0.010996591299772263,"y":0.7338466644287109,"z":0.011881883256137371,"w":-0.6791374683380127},"size":4.563764572143555,"orthographic":false}