{"cameraMode":{"drawMode":0,"name":"Shaded","section":"Shading Mode"},"sceneLighting":false,"audioPlay":false,"sceneViewState":{"showFog":true,"showMaterialUpdate":false,"showSkybox":false,"showFlares":true,"showImageEffects":true,"showParticleSystems":true},"in2DMode":false,"pivot":{"x":-3.5787904262542726,"y":3.1803195476531984,"z":0.7619936466217041},"rotation":{"x":0.02117047645151615,"y":0.6086249351501465,"z":0.01624864712357521,"w":-0.7930135130882263},"size":4.473123550415039,"orthographic":false}