{"cameraMode":{"drawMode":0,"name":"Shaded","section":"Shading Mode"},"sceneLighting":false,"audioPlay":false,"sceneViewState":{"showFog":true,"showMaterialUpdate":false,"showSkybox":false,"showFlares":true,"showImageEffects":true,"showParticleSystems":true},"in2DMode":false,"pivot":{"x":-0.3933103680610657,"y":3.012324810028076,"z":-0.8210430145263672},"rotation":{"x":0.03720104694366455,"y":-0.0024022297002375128,"z":0.00008982805593404919,"w":0.9993094205856323},"size":1.0319783687591553,"orthographic":false}