{"cameraMode":{"drawMode":0,"name":"Shaded","section":"Shading Mode"},"sceneLighting":false,"audioPlay":false,"sceneViewState":{"showFog":true,"showMaterialUpdate":false,"showSkybox":false,"showFlares":true,"showImageEffects":true,"showParticleSystems":true},"in2DMode":false,"pivot":{"x":-2.553997039794922,"y":2.9172911643981935,"z":-2.654919385910034},"rotation":{"x":-0.005229039117693901,"y":-0.9345297813415527,"z":-0.01372763141989708,"w":0.35561251640319826},"size":4.681782245635986,"orthographic":false}