{"cameraMode":{"drawMode":0,"name":"Shaded","section":"Shading Mode"},"sceneLighting":false,"audioPlay":false,"sceneViewState":{"showFog":true,"showMaterialUpdate":false,"showSkybox":false,"showFlares":true,"showImageEffects":true,"showParticleSystems":true},"in2DMode":false,"pivot":{"x":-2.5466039180755617,"y":2.6840262413024904,"z":-0.1305326372385025},"rotation":{"x":0.06663822382688523,"y":-0.7367768287658691,"z":0.07341410219669342,"w":0.6688445210456848},"size":2.8578836917877199,"orthographic":false}