{"cameraMode":{"drawMode":0,"name":"Shaded","section":"Shading Mode"},"sceneLighting":false,"audioPlay":false,"sceneViewState":{"showFog":true,"showMaterialUpdate":false,"showSkybox":false,"showFlares":true,"showImageEffects":true,"showParticleSystems":true},"in2DMode":false,"pivot":{"x":-2.9677114486694338,"y":0.4001739025115967,"z":1.2704298496246338},"rotation":{"x":-0.09296566992998123,"y":0.5603147149085999,"z":-0.06347902119159699,"w":-0.8205993175506592},"size":4.59924840927124,"orthographic":false}