{"cameraMode":{"drawMode":0,"name":"Shaded","section":"Shading Mode"},"sceneLighting":false,"audioPlay":false,"sceneViewState":{"showFog":true,"showMaterialUpdate":false,"showSkybox":true,"showFlares":true,"showImageEffects":true,"showParticleSystems":true},"in2DMode":false,"pivot":{"x":0.05421874672174454,"y":1.5513653755187989,"z":-0.09929675608873368},"rotation":{"x":-0.005330991465598345,"y":-0.8700570464134216,"z":0.009403743781149388,"w":-0.49285387992858889},"size":1.9336127042770386,"orthographic":false}