{"cameraMode":{"drawMode":0,"name":"Shaded","section":"Shading Mode"},"sceneLighting":true,"audioPlay":false,"sceneViewState":{"showFog":true,"showMaterialUpdate":false,"showSkybox":true,"showFlares":true,"showImageEffects":true,"showParticleSystems":true},"in2DMode":false,"pivot":{"x":-10.171370506286621,"y":1.5415314435958863,"z":-0.5496285557746887},"rotation":{"x":-0.022639703005552293,"y":0.5144973993301392,"z":-0.013574233278632164,"w":-0.8570976257324219},"size":5.151193618774414,"orthographic":false}