{"cameraMode":{"drawMode":0,"name":"Shaded","section":"Shading Mode"},"sceneLighting":false,"audioPlay":false,"sceneViewState":{"showFog":true,"showMaterialUpdate":false,"showSkybox":true,"showFlares":true,"showImageEffects":true,"showParticleSystems":true},"in2DMode":false,"pivot":{"x":-0.7672011852264404,"y":1.9505887031555176,"z":0.7189967632293701},"rotation":{"x":0.09131728112697602,"y":-0.08622957020998001,"z":-0.007937384769320488,"w":-0.9920498132705689},"size":2.1615114212036135,"orthographic":false}