{"cameraMode":{"drawMode":0,"name":"Shaded","section":"Shading Mode"},"sceneLighting":false,"audioPlay":false,"sceneViewState":{"showFog":true,"showMaterialUpdate":false,"showSkybox":false,"showFlares":true,"showImageEffects":true,"showParticleSystems":true},"in2DMode":false,"pivot":{"x":-3.0729472637176515,"y":2.6101889610290529,"z":2.661553144454956},"rotation":{"x":0.03929086774587631,"y":-0.36984294652938845,"z":0.015663262456655504,"w":0.9281452894210815},"size":4.710492134094238,"orthographic":false}