{"cameraMode":{"drawMode":0,"name":"Shaded","section":"Shading Mode"},"sceneLighting":false,"audioPlay":false,"sceneViewState":{"showFog":true,"showMaterialUpdate":false,"showSkybox":false,"showFlares":true,"showImageEffects":true,"showParticleSystems":true},"in2DMode":false,"pivot":{"x":-1.4442213773727418,"y":2.6168487071990969,"z":0.03904459998011589},"rotation":{"x":-0.06855945289134979,"y":0.693451464176178,"z":-0.06657619029283524,"w":-0.714164137840271},"size":1.7780534029006959,"orthographic":false}