{"cameraMode":{"drawMode":0,"name":"Shaded","section":"Shading Mode"},"sceneLighting":false,"audioPlay":false,"sceneViewState":{"showFog":true,"showMaterialUpdate":false,"showSkybox":false,"showFlares":true,"showImageEffects":true,"showParticleSystems":true},"in2DMode":false,"pivot":{"x":-0.7683506011962891,"y":2.3544323444366457,"z":-0.0016225576400756837},"rotation":{"x":-0.012912018224596978,"y":-0.2046230286359787,"z":-0.002696867333725095,"w":0.9787517786026001},"size":4.561344623565674,"orthographic":false}