{"cameraMode":{"drawMode":0,"name":"Shaded","section":"Shading Mode"},"sceneLighting":false,"audioPlay":false,"sceneViewState":{"showFog":true,"showMaterialUpdate":false,"showSkybox":false,"showFlares":true,"showImageEffects":true,"showParticleSystems":true},"in2DMode":false,"pivot":{"x":-0.7766369581222534,"y":2.7762951850891115,"z":-0.03913920372724533},"rotation":{"x":-0.005330991465598345,"y":-0.8700570464134216,"z":0.009403743781149388,"w":-0.49285387992858889},"size":2.8903064727783205,"orthographic":false}