{"cameraMode":{"drawMode":0,"name":"Shaded","section":"Shading Mode"},"sceneLighting":false,"audioPlay":false,"sceneViewState":{"showFog":true,"showMaterialUpdate":false,"showSkybox":false,"showFlares":true,"showImageEffects":true,"showParticleSystems":true},"in2DMode":false,"pivot":{"x":-0.7750115990638733,"y":2.0939626693725588,"z":-0.0003460049629211426},"rotation":{"x":0.020221253857016565,"y":-0.41312989592552187,"z":0.009179233573377133,"w":0.9104059338569641},"size":4.565768718719482,"orthographic":false}