{"cameraMode":{"drawMode":0,"name":"Shaded","section":"Shading Mode"},"sceneLighting":false,"audioPlay":false,"sceneViewState":{"showFog":true,"showMaterialUpdate":false,"showSkybox":false,"showFlares":true,"showImageEffects":true,"showParticleSystems":true},"in2DMode":false,"pivot":{"x":-2.9333207607269289,"y":2.366201400756836,"z":-2.500614643096924},"rotation":{"x":-0.04225746542215347,"y":-0.9119195342063904,"z":-0.09720368683338165,"w":0.3964637815952301},"size":4.491054534912109,"orthographic":false}