{"cameraMode":{"drawMode":0,"name":"Shaded","section":"Shading Mode"},"sceneLighting":false,"audioPlay":false,"sceneViewState":{"showFog":true,"showMaterialUpdate":false,"showSkybox":false,"showFlares":true,"showImageEffects":true,"showParticleSystems":true},"in2DMode":false,"pivot":{"x":-0.9572375416755676,"y":1.7092187404632569,"z":-3.4883363246917726},"rotation":{"x":0.001045355573296547,"y":-0.9917070269584656,"z":0.008041996508836747,"w":0.12834817171096803},"size":4.535314083099365,"orthographic":false}