{"cameraMode":{"drawMode":0,"name":"Shaded","section":"Shading Mode"},"sceneLighting":false,"audioPlay":false,"sceneViewState":{"showFog":true,"showMaterialUpdate":false,"showSkybox":true,"showFlares":true,"showImageEffects":true,"showParticleSystems":true},"in2DMode":false,"pivot":{"x":-1.0091898441314698,"y":1.3360557556152344,"z":2.232218027114868},"rotation":{"x":0.04956180229783058,"y":-0.09542691707611084,"z":0.00475595286116004,"w":0.9941986799240112},"size":3.952979326248169,"orthographic":false}