{"cameraMode":{"drawMode":0,"name":"Shaded","section":"Shading Mode"},"sceneLighting":false,"audioPlay":false,"sceneViewState":{"showFog":true,"showMaterialUpdate":false,"showSkybox":false,"showFlares":true,"showImageEffects":true,"showParticleSystems":true},"in2DMode":false,"pivot":{"x":-3.42519211769104,"y":2.800715923309326,"z":0.23748400807380677},"rotation":{"x":0.001273092464543879,"y":-0.7094380855560303,"z":0.0012863854644820095,"w":0.7047821283340454},"size":4.659923076629639,"orthographic":false}