{"cameraMode":{"drawMode":0,"name":"Shaded","section":"Shading Mode"},"sceneLighting":true,"audioPlay":false,"sceneViewState":{"showFog":true,"showMaterialUpdate":false,"showSkybox":true,"showFlares":true,"showImageEffects":true,"showParticleSystems":true},"in2DMode":false,"pivot":{"x":28.674083709716798,"y":3.060502767562866,"z":-5.916788101196289},"rotation":{"x":-0.07049224525690079,"y":0.7595652341842651,"z":-0.0835062563419342,"w":-0.6411873698234558},"size":4.471940994262695,"orthographic":false}