{"cameraMode":{"drawMode":0,"name":"Shaded","section":"Shading Mode"},"sceneLighting":false,"audioPlay":false,"sceneViewState":{"showFog":true,"showMaterialUpdate":false,"showSkybox":false,"showFlares":true,"showImageEffects":true,"showParticleSystems":true},"in2DMode":false,"pivot":{"x":-0.8042243719100952,"y":2.6605682373046877,"z":0.013244664296507836},"rotation":{"x":0.044350042939186099,"y":-0.6317858695983887,"z":0.03624800592660904,"w":0.7730327248573303},"size":1.3484795093536378,"orthographic":false}