{"cameraMode":{"drawMode":0,"name":"Shaded","section":"Shading Mode"},"sceneLighting":false,"audioPlay":false,"sceneViewState":{"showFog":true,"showMaterialUpdate":false,"showSkybox":false,"showFlares":true,"showImageEffects":true,"showParticleSystems":true},"in2DMode":false,"pivot":{"x":-1.0621519088745118,"y":1.3340224027633668,"z":-2.835678815841675},"rotation":{"x":0.0027511739172041418,"y":0.9913920760154724,"z":0.021110311150550844,"w":-0.12922252714633943},"size":4.282050609588623,"orthographic":false}