{"cameraMode":{"drawMode":0,"name":"Shaded","section":"Shading Mode"},"sceneLighting":false,"audioPlay":false,"sceneViewState":{"showFog":true,"showMaterialUpdate":false,"showSkybox":false,"showFlares":true,"showImageEffects":true,"showParticleSystems":true},"in2DMode":false,"pivot":{"x":-0.20125608146190644,"y":1.1738274097442628,"z":-3.4417898654937746},"rotation":{"x":-0.001080367830581963,"y":0.9988066554069519,"z":-0.041684575378894809,"w":-0.02608698420226574},"size":4.209137439727783,"orthographic":false}