{"cameraMode":{"drawMode":0,"name":"Shaded","section":"Shading Mode"},"sceneLighting":false,"audioPlay":false,"sceneViewState":{"showFog":true,"showMaterialUpdate":false,"showSkybox":false,"showFlares":true,"showImageEffects":true,"showParticleSystems":true},"in2DMode":false,"pivot":{"x":-0.7218086123466492,"y":2.346735715866089,"z":-0.010100781917572022},"rotation":{"x":0.0007575424970127642,"y":0.9989314079284668,"z":-0.043190523982048038,"w":0.01737106405198574},"size":4.467144966125488,"orthographic":false}