{"cameraMode":{"drawMode":0,"name":"Shaded","section":"Shading Mode"},"sceneLighting":false,"audioPlay":false,"sceneViewState":{"showFog":true,"showMaterialUpdate":false,"showSkybox":false,"showFlares":true,"showImageEffects":true,"showParticleSystems":true},"in2DMode":false,"pivot":{"x":-0.17422634363174439,"y":3.2970709800720217,"z":-0.01658356934785843},"rotation":{"x":0.064104363322258,"y":-0.7119079828262329,"z":0.06554388999938965,"w":0.696266770362854},"size":2.439175605773926,"orthographic":false}