{"cameraMode":{"drawMode":0,"name":"Shaded","section":"Shading Mode"},"sceneLighting":false,"audioPlay":false,"sceneViewState":{"showFog":true,"showMaterialUpdate":false,"showSkybox":false,"showFlares":true,"showImageEffects":true,"showParticleSystems":true},"in2DMode":false,"pivot":{"x":0.8936042785644531,"y":0.9040613770484924,"z":-3.0070419311523439},"rotation":{"x":-0.009436774998903275,"y":-0.9870954751968384,"z":0.06346825510263443,"w":-0.1467703878879547},"size":4.54440975189209,"orthographic":false}