{"cameraMode":{"drawMode":0,"name":"Shaded","section":"Shading Mode"},"sceneLighting":false,"audioPlay":false,"sceneViewState":{"showFog":true,"showMaterialUpdate":false,"showSkybox":false,"showFlares":true,"showImageEffects":true,"showParticleSystems":true},"in2DMode":false,"pivot":{"x":-0.7218085527420044,"y":2.3420512676239015,"z":0.000003159046173095703},"rotation":{"x":0.04365374147891998,"y":-0.9338193535804749,"z":0.1222844198346138,"w":0.3333684504032135},"size":4.726461410522461,"orthographic":false}