{"cameraMode":{"drawMode":0,"name":"Shaded","section":"Shading Mode"},"sceneLighting":false,"audioPlay":false,"sceneViewState":{"showFog":true,"showMaterialUpdate":false,"showSkybox":false,"showFlares":true,"showImageEffects":true,"showParticleSystems":true},"in2DMode":false,"pivot":{"x":0.22678962349891663,"y":1.5221188068389893,"z":0.7503909468650818},"rotation":{"x":-0.00023782881908118725,"y":0.9875801801681519,"z":-0.0014906844589859248,"w":-0.15716013312339784},"size":0.16777272522449494,"orthographic":false}