{"cameraMode":{"drawMode":0,"name":"Shaded","section":"Shading Mode"},"sceneLighting":false,"audioPlay":false,"sceneViewState":{"showFog":true,"showMaterialUpdate":false,"showSkybox":false,"showFlares":true,"showImageEffects":true,"showParticleSystems":true},"in2DMode":false,"pivot":{"x":-2.378756284713745,"y":2.876323699951172,"z":1.0327140092849732},"rotation":{"x":-0.032108984887599948,"y":0.492265909910202,"z":-0.01818670891225338,"w":-0.8696802854537964},"size":2.7112767696380617,"orthographic":false}