{"cameraMode":{"drawMode":0,"name":"Shaded","section":"Shading Mode"},"sceneLighting":false,"audioPlay":false,"sceneViewState":{"showFog":true,"showMaterialUpdate":false,"showSkybox":false,"showFlares":true,"showImageEffects":true,"showParticleSystems":true},"in2DMode":false,"pivot":{"x":-3.408592939376831,"y":2.8037705421447756,"z":2.168572425842285},"rotation":{"x":0.023484058678150178,"y":-0.41446465253829958,"z":0.010699892416596413,"w":0.909702718257904},"size":4.7113142013549809,"orthographic":false}