{"cameraMode":{"drawMode":0,"name":"Shaded","section":"Shading Mode"},"sceneLighting":false,"audioPlay":false,"sceneViewState":{"showFog":true,"showMaterialUpdate":false,"showSkybox":false,"showFlares":true,"showImageEffects":true,"showParticleSystems":true},"in2DMode":false,"pivot":{"x":-0.7954025268554688,"y":2.3770663738250734,"z":-0.005280435085296631},"rotation":{"x":0.023147786036133767,"y":-0.21572893857955934,"z":0.005118188448250294,"w":0.9761735796928406},"size":4.690968036651611,"orthographic":false}