{"cameraMode":{"drawMode":0,"name":"Shaded","section":"Shading Mode"},"sceneLighting":false,"audioPlay":false,"sceneViewState":{"showFog":true,"showMaterialUpdate":false,"showSkybox":false,"showFlares":true,"showImageEffects":true,"showParticleSystems":true},"in2DMode":false,"pivot":{"x":-0.7954025268554688,"y":2.384718656539917,"z":-0.005092978477478027},"rotation":{"x":0.061626069247722629,"y":-0.3665781021118164,"z":0.024349765852093698,"w":0.928039014339447},"size":4.709012508392334,"orthographic":false}