{"cameraMode":{"drawMode":0,"name":"Shaded","section":"Shading Mode"},"sceneLighting":false,"audioPlay":false,"sceneViewState":{"showFog":true,"showMaterialUpdate":false,"showSkybox":true,"showFlares":true,"showImageEffects":true,"showParticleSystems":true},"in2DMode":false,"pivot":{"x":-2.5235188007354738,"y":1.753932237625122,"z":1.936306118965149},"rotation":{"x":-0.0662354901432991,"y":0.3803112208843231,"z":-0.027323154732584955,"w":-0.9220994710922241},"size":3.433612585067749,"orthographic":false}