{"cameraMode":{"drawMode":0,"name":"Shaded","section":"Shading Mode"},"sceneLighting":false,"audioPlay":false,"sceneViewState":{"showFog":true,"showMaterialUpdate":false,"showSkybox":false,"showFlares":true,"showImageEffects":true,"showParticleSystems":true},"in2DMode":false,"pivot":{"x":-4.398617744445801,"y":2.8586373329162599,"z":-0.9890852570533752},"rotation":{"x":-0.008014027960598469,"y":0.8142732381820679,"z":-0.011246263049542904,"w":-0.5803320407867432},"size":4.749837398529053,"orthographic":false}