{"cameraMode":{"drawMode":0,"name":"Shaded","section":"Shading Mode"},"sceneLighting":false,"audioPlay":false,"sceneViewState":{"showFog":true,"showMaterialUpdate":false,"showSkybox":true,"showFlares":true,"showImageEffects":true,"showParticleSystems":true},"in2DMode":false,"pivot":{"x":-2.022902727127075,"y":1.553413987159729,"z":-3.4251911640167238},"rotation":{"x":0.002006134018301964,"y":-0.9664168357849121,"z":0.007547434885054827,"w":0.2568719983100891},"size":4.765269756317139,"orthographic":false}