{"cameraMode":{"drawMode":0,"name":"Shaded","section":"Shading Mode"},"sceneLighting":true,"audioPlay":false,"sceneViewState":{"showFog":true,"showMaterialUpdate":false,"showSkybox":true,"showFlares":true,"showImageEffects":true,"showParticleSystems":true},"in2DMode":false,"pivot":{"x":1.0487209558486939,"y":1.8609716892242432,"z":-0.1919286698102951},"rotation":{"x":-0.0030845662113279106,"y":0.36263760924339297,"z":-0.0011997675755992532,"w":-0.9319297671318054},"size":0.959753692150116,"orthographic":false}