{"cameraMode":{"drawMode":0,"name":"Shaded","section":"Shading Mode"},"sceneLighting":false,"audioPlay":false,"sceneViewState":{"showFog":true,"showMaterialUpdate":false,"showSkybox":false,"showFlares":true,"showImageEffects":true,"showParticleSystems":true},"in2DMode":false,"pivot":{"x":-3.5067896842956545,"y":2.923574686050415,"z":0.11927349865436554},"rotation":{"x":-0.00933261588215828,"y":-0.7361116409301758,"z":-0.010152309201657772,"w":0.676729142665863},"size":4.709781646728516,"orthographic":false}