{"cameraMode":{"drawMode":0,"name":"Shaded","section":"Shading Mode"},"sceneLighting":false,"audioPlay":false,"sceneViewState":{"showFog":true,"showMaterialUpdate":false,"showSkybox":false,"showFlares":true,"showImageEffects":true,"showParticleSystems":true},"in2DMode":false,"pivot":{"x":-1.2969539165496827,"y":2.8158278465270998,"z":0.87761390209198},"rotation":{"x":0.12413967400789261,"y":-0.36300426721572878,"z":0.04886525496840477,"w":0.9221906065940857},"size":2.439175605773926,"orthographic":false}