{"cameraMode":{"drawMode":0,"name":"Shaded","section":"Shading Mode"},"sceneLighting":false,"audioPlay":false,"sceneViewState":{"showFog":true,"showMaterialUpdate":false,"showSkybox":false,"showFlares":true,"showImageEffects":true,"showParticleSystems":true},"in2DMode":false,"pivot":{"x":-1.2624778747558594,"y":1.0367438793182374,"z":-2.633114814758301},"rotation":{"x":-0.007882516831159592,"y":0.9747068881988525,"z":-0.034821223467588428,"w":-0.22064001858234406},"size":3.781381130218506,"orthographic":false}