{"cameraMode":{"drawMode":0,"name":"Shaded","section":"Shading Mode"},"sceneLighting":false,"audioPlay":false,"sceneViewState":{"showFog":true,"showMaterialUpdate":false,"showSkybox":false,"showFlares":true,"showImageEffects":true,"showParticleSystems":true},"in2DMode":false,"pivot":{"x":-0.6870223879814148,"y":3.2673068046569826,"z":0.005721438676118851},"rotation":{"x":0.011393841356039048,"y":0.22367337346076966,"z":0.0026152797508984806,"w":-0.9745973944664002},"size":0.7738627791404724,"orthographic":false}