{"cameraMode":{"drawMode":0,"name":"Shaded","section":"Shading Mode"},"sceneLighting":false,"audioPlay":false,"sceneViewState":{"showFog":true,"showMaterialUpdate":false,"showSkybox":false,"showFlares":true,"showImageEffects":true,"showParticleSystems":true},"in2DMode":false,"pivot":{"x":-0.706525444984436,"y":1.0995525121688843,"z":0.15848970413208009},"rotation":{"x":0.00003153402212774381,"y":0.9947720170021057,"z":-0.00030796462669968605,"w":0.10212259739637375},"size":3.260009527206421,"orthographic":false}