{"cameraMode":{"drawMode":0,"name":"Shaded","section":"Shading Mode"},"sceneLighting":false,"audioPlay":false,"sceneViewState":{"showFog":true,"showMaterialUpdate":false,"showSkybox":false,"showFlares":true,"showImageEffects":true,"showParticleSystems":true},"in2DMode":false,"pivot":{"x":0.060000061988830569,"y":0.9960000514984131,"z":-0.013593941926956177},"rotation":{"x":-0.00933261588215828,"y":-0.7361116409301758,"z":-0.010152309201657772,"w":0.676729142665863},"size":2.857884645462036,"orthographic":false}