{"cameraMode":{"drawMode":0,"name":"Shaded","section":"Shading Mode"},"sceneLighting":false,"audioPlay":false,"sceneViewState":{"showFog":true,"showMaterialUpdate":false,"showSkybox":false,"showFlares":true,"showImageEffects":true,"showParticleSystems":true},"in2DMode":false,"pivot":{"x":-2.9891748428344728,"y":2.553792953491211,"z":-1.3162518739700318},"rotation":{"x":-0.02555895783007145,"y":0.8658351302146912,"z":-0.04446497932076454,"w":-0.4976993501186371},"size":4.473126411437988,"orthographic":false}