{"cameraMode":{"drawMode":0,"name":"Shaded","section":"Shading Mode"},"sceneLighting":false,"audioPlay":false,"sceneViewState":{"showFog":true,"showMaterialUpdate":false,"showSkybox":false,"showFlares":true,"showImageEffects":true,"showParticleSystems":true},"in2DMode":false,"pivot":{"x":-1.6293411254882813,"y":2.9285402297973635,"z":-0.019049549475312234},"rotation":{"x":-0.00022287768661044538,"y":0.6929751038551331,"z":-0.00021522431052289903,"w":-0.7209756374359131},"size":2.177288770675659,"orthographic":false}