{"cameraMode":{"drawMode":0,"name":"Shaded","section":"Shading Mode"},"sceneLighting":false,"audioPlay":false,"sceneViewState":{"showFog":true,"showMaterialUpdate":false,"showSkybox":false,"showFlares":true,"showImageEffects":true,"showParticleSystems":true},"in2DMode":false,"pivot":{"x":-3.7503302097320558,"y":2.609496593475342,"z":-0.017913369461894037},"rotation":{"x":-0.023062171414494516,"y":0.688286304473877,"z":-0.02190139703452587,"w":-0.7247510552406311},"size":4.516117095947266,"orthographic":false}