{"cameraMode":{"drawMode":0,"name":"Shaded","section":"Shading Mode"},"sceneLighting":false,"audioPlay":false,"sceneViewState":{"showFog":true,"showMaterialUpdate":false,"showSkybox":false,"showFlares":true,"showImageEffects":true,"showParticleSystems":true},"in2DMode":false,"pivot":{"x":-1.1186341047286988,"y":2.93997859954834,"z":0.06134556233882904},"rotation":{"x":-0.013331183232367039,"y":-0.6078100800514221,"z":-0.010206600651144982,"w":0.7939113974571228},"size":1.818965196609497,"orthographic":false}