{"cameraMode":{"drawMode":0,"name":"Shaded","section":"Shading Mode"},"sceneLighting":false,"audioPlay":false,"sceneViewState":{"showFog":true,"showMaterialUpdate":false,"showSkybox":false,"showFlares":true,"showImageEffects":true,"showParticleSystems":true},"in2DMode":false,"pivot":{"x":-3.6756343841552736,"y":2.6838274002075197,"z":0.00575471855700016},"rotation":{"x":-0.030538951978087426,"y":0.6912713050842285,"z":-0.029265092685818673,"w":-0.7213650345802307},"size":4.504105091094971,"orthographic":false}