{"cameraMode":{"drawMode":0,"name":"Shaded","section":"Shading Mode"},"sceneLighting":false,"audioPlay":false,"sceneViewState":{"showFog":true,"showMaterialUpdate":false,"showSkybox":true,"showFlares":true,"showImageEffects":true,"showParticleSystems":true},"in2DMode":false,"pivot":{"x":1.0086067914962769,"y":0.9841719269752502,"z":3.480368137359619},"rotation":{"x":0.09096118062734604,"y":0.16768597066402436,"z":-0.0155375637114048,"w":0.9815176725387573},"size":4.946296691894531,"orthographic":false}