{"cameraMode":{"drawMode":0,"name":"Shaded","section":"Shading Mode"},"sceneLighting":false,"audioPlay":false,"sceneViewState":{"showFog":true,"showMaterialUpdate":false,"showSkybox":false,"showFlares":true,"showImageEffects":true,"showParticleSystems":true},"in2DMode":false,"pivot":{"x":-3.016779899597168,"y":0.8747982978820801,"z":1.373700737953186},"rotation":{"x":-0.0446782112121582,"y":0.5317988395690918,"z":-0.028109733015298845,"w":-0.8452301621437073},"size":4.649627685546875,"orthographic":false}