{"cameraMode":{"drawMode":0,"name":"Shaded","section":"Shading Mode"},"sceneLighting":false,"audioPlay":false,"sceneViewState":{"showFog":true,"showMaterialUpdate":false,"showSkybox":false,"showFlares":true,"showImageEffects":true,"showParticleSystems":true},"in2DMode":false,"pivot":{"x":-4.802890300750732,"y":2.7370307445526125,"z":-0.8972790837287903},"rotation":{"x":0.015936093404889108,"y":-0.7862234115600586,"z":0.02029768005013466,"w":0.617404043674469},"size":4.561344623565674,"orthographic":false}