{"cameraMode":{"drawMode":0,"name":"Shaded","section":"Shading Mode"},"sceneLighting":false,"audioPlay":false,"sceneViewState":{"showFog":true,"showMaterialUpdate":false,"showSkybox":false,"showFlares":true,"showImageEffects":true,"showParticleSystems":true},"in2DMode":false,"pivot":{"x":-4.322712421417236,"y":3.1290783882141115,"z":-0.6592891812324524},"rotation":{"x":-0.0018139551393687726,"y":0.7428340315818787,"z":-0.002012787153944373,"w":-0.6694706678390503},"size":4.7412333488464359,"orthographic":false}