{"cameraMode":{"drawMode":0,"name":"Shaded","section":"Shading Mode"},"sceneLighting":false,"audioPlay":false,"sceneViewState":{"showFog":true,"showMaterialUpdate":false,"showSkybox":false,"showFlares":true,"showImageEffects":true,"showParticleSystems":true},"in2DMode":false,"pivot":{"x":-0.7682147026062012,"y":2.3514153957366945,"z":0.00001537799835205078},"rotation":{"x":-0.08816994726657868,"y":-0.42750248312950137,"z":-0.04193777218461037,"w":0.898729145526886},"size":4.365790367126465,"orthographic":false}