{"cameraMode":{"drawMode":0,"name":"Shaded","section":"Shading Mode"},"sceneLighting":false,"audioPlay":false,"sceneViewState":{"showFog":true,"showMaterialUpdate":false,"showSkybox":false,"showFlares":true,"showImageEffects":true,"showParticleSystems":true},"in2DMode":false,"pivot":{"x":-0.6840528249740601,"y":2.9739723205566408,"z":-0.013520538806915284},"rotation":{"x":-0.05805573984980583,"y":0.26826393604278567,"z":-0.01619851589202881,"w":-0.9614619016647339},"size":0.7738627791404724,"orthographic":false}