{"cameraMode":{"drawMode":0,"name":"Shaded","section":"Shading Mode"},"sceneLighting":false,"audioPlay":false,"sceneViewState":{"showFog":true,"showMaterialUpdate":false,"showSkybox":false,"showFlares":true,"showImageEffects":true,"showParticleSystems":true},"in2DMode":false,"pivot":{"x":-2.161590337753296,"y":2.828681468963623,"z":0.5018184185028076},"rotation":{"x":0.0009686569101177156,"y":-0.6007301211357117,"z":0.0007246260065585375,"w":0.7994672060012817},"size":3.8951833248138429,"orthographic":false}