{"cameraMode":{"drawMode":0,"name":"Shaded","section":"Shading Mode"},"sceneLighting":false,"audioPlay":false,"sceneViewState":{"showFog":true,"showMaterialUpdate":false,"showSkybox":false,"showFlares":true,"showImageEffects":true,"showParticleSystems":true},"in2DMode":false,"pivot":{"x":-4.11271333694458,"y":1.543779730796814,"z":-1.4887630939483643},"rotation":{"x":-0.009977533482015133,"y":-0.8491264581680298,"z":-0.01603938639163971,"w":0.5278818011283875},"size":4.565207481384277,"orthographic":false}