{"cameraMode":{"drawMode":0,"name":"Shaded","section":"Shading Mode"},"sceneLighting":false,"audioPlay":false,"sceneViewState":{"showFog":true,"showMaterialUpdate":false,"showSkybox":false,"showFlares":true,"showImageEffects":true,"showParticleSystems":true},"in2DMode":false,"pivot":{"x":-0.721808671951294,"y":2.3853721618652345,"z":-0.005092978477478027},"rotation":{"x":-0.005330991465598345,"y":-0.8700570464134216,"z":0.009403743781149388,"w":-0.49285387992858889},"size":4.71052360534668,"orthographic":false}