{"cameraMode":{"drawMode":0,"name":"Shaded","section":"Shading Mode"},"sceneLighting":false,"audioPlay":false,"sceneViewState":{"showFog":true,"showMaterialUpdate":false,"showSkybox":false,"showFlares":true,"showImageEffects":true,"showParticleSystems":true},"in2DMode":false,"pivot":{"x":-0.7682147026062012,"y":2.363922357559204,"z":0.00006097555160522461},"rotation":{"x":0.05751687288284302,"y":-0.4156709313392639,"z":0.02635331265628338,"w":0.9073134064674377},"size":4.728265762329102,"orthographic":false}