{"cameraMode":{"drawMode":0,"name":"Shaded","section":"Shading Mode"},"sceneLighting":false,"audioPlay":false,"sceneViewState":{"showFog":true,"showMaterialUpdate":false,"showSkybox":false,"showFlares":true,"showImageEffects":true,"showParticleSystems":true},"in2DMode":false,"pivot":{"x":-0.781808614730835,"y":1.25,"z":0.11185550689697266},"rotation":{"x":-0.02640647627413273,"y":0.0014965961454436184,"z":-0.00003949076563003473,"w":-0.9996514320373535},"size":2.736215591430664,"orthographic":false}