{"cameraMode":{"drawMode":0,"name":"Shaded","section":"Shading Mode"},"sceneLighting":false,"audioPlay":false,"sceneViewState":{"showFog":true,"showMaterialUpdate":false,"showSkybox":false,"showFlares":true,"showImageEffects":true,"showParticleSystems":true},"in2DMode":false,"pivot":{"x":-0.5571823716163635,"y":2.4768826961517336,"z":0.342698335647583},"rotation":{"x":-0.10375416278839112,"y":0.15951287746429444,"z":-0.0168605986982584,"w":-0.9815847873687744},"size":2.075681686401367,"orthographic":false}