{"cameraMode":{"drawMode":0,"name":"Shaded","section":"Shading Mode"},"sceneLighting":false,"audioPlay":false,"sceneViewState":{"showFog":true,"showMaterialUpdate":false,"showSkybox":false,"showFlares":true,"showImageEffects":true,"showParticleSystems":true},"in2DMode":false,"pivot":{"x":-1.17600417137146,"y":1.462289810180664,"z":-3.2131171226501467},"rotation":{"x":0.0008105793385766447,"y":0.9855597615242004,"z":0.004721277859061956,"w":-0.16929344832897187},"size":4.240796089172363,"orthographic":false}