{"cameraMode":{"drawMode":0,"name":"Shaded","section":"Shading Mode"},"sceneLighting":false,"audioPlay":false,"sceneViewState":{"showFog":true,"showMaterialUpdate":false,"showSkybox":false,"showFlares":true,"showImageEffects":true,"showParticleSystems":true},"in2DMode":false,"pivot":{"x":-0.7682147026062012,"y":2.2565789222717287,"z":0.004773557186126709},"rotation":{"x":0.012123431079089642,"y":-0.3967420160770416,"z":0.005243135616183281,"w":0.9178446531295776},"size":4.178764343261719,"orthographic":false}