{"cameraMode":{"drawMode":0,"name":"Shaded","section":"Shading Mode"},"sceneLighting":false,"audioPlay":false,"sceneViewState":{"showFog":true,"showMaterialUpdate":false,"showSkybox":false,"showFlares":true,"showImageEffects":true,"showParticleSystems":true},"in2DMode":false,"pivot":{"x":-0.7683506011962891,"y":2.358205795288086,"z":-0.0016266703605651856},"rotation":{"x":-0.005330991465598345,"y":-0.8700570464134216,"z":0.009403743781149388,"w":-0.49285387992858889},"size":4.569976329803467,"orthographic":false}