{"cameraMode":{"drawMode":0,"name":"Shaded","section":"Shading Mode"},"sceneLighting":false,"audioPlay":false,"sceneViewState":{"showFog":true,"showMaterialUpdate":false,"showSkybox":true,"showFlares":true,"showImageEffects":true,"showParticleSystems":true},"in2DMode":false,"pivot":{"x":-1.3250325918197632,"y":0.5955570936203003,"z":0.9060947895050049},"rotation":{"x":-0.02100582793354988,"y":0.01469368301331997,"z":-0.00031233334448188543,"w":-0.9996755719184876},"size":1.9462964534759522,"orthographic":false}