{"cameraMode":{"drawMode":0,"name":"Shaded","section":"Shading Mode"},"sceneLighting":false,"audioPlay":false,"sceneViewState":{"showFog":true,"showMaterialUpdate":false,"showSkybox":false,"showFlares":true,"showImageEffects":true,"showParticleSystems":true},"in2DMode":false,"pivot":{"x":-0.7978488206863403,"y":3.0805399417877199,"z":-0.8746205568313599},"rotation":{"x":0.0012844969751313329,"y":0.9984275698661804,"z":-0.04977251589298248,"w":0.025765934959053994},"size":3.134688138961792,"orthographic":false}