{"cameraMode":{"drawMode":0,"name":"Shaded","section":"Shading Mode"},"sceneLighting":false,"audioPlay":false,"sceneViewState":{"showFog":true,"showMaterialUpdate":false,"showSkybox":true,"showFlares":true,"showImageEffects":true,"showParticleSystems":true},"in2DMode":false,"pivot":{"x":-0.2790786623954773,"y":-0.8410316705703735,"z":-2.4823360443115236},"rotation":{"x":-0.011100185103714466,"y":-0.04351343587040901,"z":0.00046392521471716464,"w":-0.9990159869194031},"size":1.2583205699920655,"orthographic":false}