{"cameraMode":{"drawMode":0,"name":"Shaded","section":"Shading Mode"},"sceneLighting":false,"audioPlay":false,"sceneViewState":{"showFog":true,"showMaterialUpdate":false,"showSkybox":false,"showFlares":true,"showImageEffects":true,"showParticleSystems":true},"in2DMode":false,"pivot":{"x":-0.7682147026062012,"y":2.34285831451416,"z":-0.0019674301147460939},"rotation":{"x":-0.02573978900909424,"y":-0.061439529061317447,"z":-0.0015822029672563077,"w":0.9977822303771973},"size":4.5095038414001469,"orthographic":false}