{"cameraMode":{"drawMode":0,"name":"Shaded","section":"Shading Mode"},"sceneLighting":false,"audioPlay":false,"sceneViewState":{"showFog":true,"showMaterialUpdate":false,"showSkybox":false,"showFlares":true,"showImageEffects":true,"showParticleSystems":true},"in2DMode":false,"pivot":{"x":-4.526423454284668,"y":3.1305932998657228,"z":-0.8345395922660828},"rotation":{"x":0.002730559790506959,"y":-0.761029839515686,"z":0.0032039282377809288,"w":0.6487096548080444},"size":4.710054397583008,"orthographic":false}