{"cameraMode":{"drawMode":0,"name":"Shaded","section":"Shading Mode"},"sceneLighting":false,"audioPlay":false,"sceneViewState":{"showFog":true,"showMaterialUpdate":false,"showSkybox":false,"showFlares":true,"showImageEffects":true,"showParticleSystems":true},"in2DMode":false,"pivot":{"x":0.000016570091247558594,"y":0.8647173643112183,"z":-0.020776525139808656},"rotation":{"x":0.010912977159023285,"y":0.8704758882522583,"z":0.019319308921694757,"w":-0.4917183816432953},"size":4.865456581115723,"orthographic":false}