{"cameraMode":{"drawMode":0,"name":"Shaded","section":"Shading Mode"},"sceneLighting":false,"audioPlay":false,"sceneViewState":{"showFog":true,"showMaterialUpdate":false,"showSkybox":false,"showFlares":true,"showImageEffects":true,"showParticleSystems":true},"in2DMode":false,"pivot":{"x":-0.11968487501144409,"y":2.5592470169067385,"z":1.5797834396362305},"rotation":{"x":0.008383172564208508,"y":-0.039018094539642337,"z":-0.0003459534200374037,"w":-0.9992287158966065},"size":4.749837398529053,"orthographic":false}