{"cameraMode":{"drawMode":0,"name":"Shaded","section":"Shading Mode"},"sceneLighting":false,"audioPlay":false,"sceneViewState":{"showFog":true,"showMaterialUpdate":false,"showSkybox":false,"showFlares":true,"showImageEffects":true,"showParticleSystems":true},"in2DMode":false,"pivot":{"x":-2.3585755825042726,"y":1.7638931274414063,"z":-1.1128815412521363},"rotation":{"x":0.18166539072990418,"y":-0.6963150501251221,"z":0.18934807181358338,"w":0.6680580973625183},"size":2.9258227348327638,"orthographic":false}