{"cameraMode":{"drawMode":0,"name":"Shaded","section":"Shading Mode"},"sceneLighting":false,"audioPlay":false,"sceneViewState":{"showFog":true,"showMaterialUpdate":false,"showSkybox":true,"showFlares":true,"showImageEffects":true,"showParticleSystems":true},"in2DMode":false,"pivot":{"x":0.9666492938995361,"y":1.8635261058807374,"z":-0.3466963768005371},"rotation":{"x":-0.024544348940253259,"y":-0.9744192957878113,"z":-0.13353364169597627,"w":0.17911860346794129},"size":1.8181746006011963,"orthographic":false}