{"cameraMode":{"drawMode":0,"name":"Shaded","section":"Shading Mode"},"sceneLighting":false,"audioPlay":false,"sceneViewState":{"showFog":true,"showMaterialUpdate":false,"showSkybox":false,"showFlares":true,"showImageEffects":true,"showParticleSystems":true},"in2DMode":false,"pivot":{"x":-0.772308349609375,"y":2.202065944671631,"z":-0.00005441904067993164},"rotation":{"x":0.06267332285642624,"y":-0.3584725856781006,"z":0.024131635203957559,"w":0.9311269521713257},"size":5.217519283294678,"orthographic":false}