{"cameraMode":{"drawMode":0,"name":"Shaded","section":"Shading Mode"},"sceneLighting":false,"audioPlay":false,"sceneViewState":{"showFog":true,"showMaterialUpdate":false,"showSkybox":false,"showFlares":true,"showImageEffects":true,"showParticleSystems":true},"in2DMode":false,"pivot":{"x":-2.0680439472198488,"y":2.5462374687194826,"z":-0.4094744026660919},"rotation":{"x":-0.005373564548790455,"y":-0.6647635698318481,"z":-0.004777445457875729,"w":0.7470343708992004},"size":4.569976329803467,"orthographic":false}