{"cameraMode":{"drawMode":0,"name":"Shaded","section":"Shading Mode"},"sceneLighting":false,"audioPlay":false,"sceneViewState":{"showFog":true,"showMaterialUpdate":false,"showSkybox":false,"showFlares":true,"showImageEffects":true,"showParticleSystems":true},"in2DMode":false,"pivot":{"x":-0.7682147026062012,"y":2.33589243888855,"z":-0.002294600009918213},"rotation":{"x":0.015414333902299405,"y":-0.4920242428779602,"z":0.008716271258890629,"w":0.8704079985618591},"size":4.431918144226074,"orthographic":false}