{"cameraMode":{"drawMode":0,"name":"Shaded","section":"Shading Mode"},"sceneLighting":false,"audioPlay":false,"sceneViewState":{"showFog":true,"showMaterialUpdate":false,"showSkybox":false,"showFlares":true,"showImageEffects":true,"showParticleSystems":true},"in2DMode":false,"pivot":{"x":-2.091965913772583,"y":2.6819708347320558,"z":0.7050475478172302},"rotation":{"x":0.048216562718153,"y":-0.48561379313468935,"z":0.02683790773153305,"w":0.872446596622467},"size":2.73783802986145,"orthographic":false}