{"cameraMode":{"drawMode":0,"name":"Shaded","section":"Shading Mode"},"sceneLighting":false,"audioPlay":false,"sceneViewState":{"showFog":true,"showMaterialUpdate":false,"showSkybox":false,"showFlares":true,"showImageEffects":true,"showParticleSystems":true},"in2DMode":false,"pivot":{"x":-0.7448057532310486,"y":2.330979585647583,"z":-0.0010720491409301758},"rotation":{"x":0.014060591347515583,"y":-0.49725037813186648,"z":0.008062714710831643,"w":0.8674625158309937},"size":4.580174922943115,"orthographic":false}