{"cameraMode":{"drawMode":0,"name":"Shaded","section":"Shading Mode"},"sceneLighting":true,"audioPlay":false,"sceneViewState":{"showFog":true,"showMaterialUpdate":false,"showSkybox":true,"showFlares":true,"showImageEffects":true,"showParticleSystems":true},"in2DMode":false,"pivot":{"x":1.2920995950698853,"y":-1.622148036956787,"z":2.482403516769409},"rotation":{"x":0.007963219657540322,"y":0.3209367096424103,"z":-0.002670323010534048,"w":0.9470897912979126},"size":5.092047214508057,"orthographic":false}