{"cameraMode":{"drawMode":0,"name":"Shaded","section":"Shading Mode"},"sceneLighting":false,"audioPlay":false,"sceneViewState":{"showFog":true,"showMaterialUpdate":false,"showSkybox":false,"showFlares":true,"showImageEffects":true,"showParticleSystems":true},"in2DMode":false,"pivot":{"x":-3.2357046604156496,"y":1.9856841564178467,"z":-1.2724592685699463},"rotation":{"x":0.10327091813087464,"y":-0.8273603916168213,"z":0.1618763506412506,"w":0.527854323387146},"size":3.496708869934082,"orthographic":false}