{"cameraMode":{"drawMode":0,"name":"Shaded","section":"Shading Mode"},"sceneLighting":false,"audioPlay":false,"sceneViewState":{"showFog":true,"showMaterialUpdate":false,"showSkybox":false,"showFlares":true,"showImageEffects":true,"showParticleSystems":true},"in2DMode":false,"pivot":{"x":-3.0420589447021486,"y":2.976536512374878,"z":0.13391076028347016},"rotation":{"x":-0.016973629593849183,"y":0.6979452967643738,"z":-0.016551069915294648,"w":-0.7157610654830933},"size":2.877023935317993,"orthographic":false}