{"cameraMode":{"drawMode":0,"name":"Shaded","section":"Shading Mode"},"sceneLighting":false,"audioPlay":false,"sceneViewState":{"showFog":true,"showMaterialUpdate":false,"showSkybox":false,"showFlares":true,"showImageEffects":true,"showParticleSystems":true},"in2DMode":false,"pivot":{"x":-0.9947696924209595,"y":2.9580237865448,"z":4.505387783050537},"rotation":{"x":0.026685373857617379,"y":-0.03987952321767807,"z":0.0010693819494917989,"w":0.9988556504249573},"size":4.7412333488464359,"orthographic":false}