{"cameraMode":{"drawMode":0,"name":"Shaded","section":"Shading Mode"},"sceneLighting":false,"audioPlay":false,"sceneViewState":{"showFog":true,"showMaterialUpdate":false,"showSkybox":false,"showFlares":true,"showImageEffects":true,"showParticleSystems":true},"in2DMode":false,"pivot":{"x":-3.009753704071045,"y":2.4405457973480226,"z":2.3291759490966799},"rotation":{"x":-0.03308399021625519,"y":0.3101983666419983,"z":-0.010802573524415493,"w":-0.9500404596328735},"size":4.7875165939331059,"orthographic":false}