{"cameraMode":{"drawMode":0,"name":"Shaded","section":"Shading Mode"},"sceneLighting":false,"audioPlay":false,"sceneViewState":{"showFog":true,"showMaterialUpdate":false,"showSkybox":false,"showFlares":true,"showImageEffects":true,"showParticleSystems":true},"in2DMode":false,"pivot":{"x":-0.15303681790828706,"y":3.177459955215454,"z":-0.23408663272857667},"rotation":{"x":-0.045638009905815127,"y":0.5741017460823059,"z":-0.03207322582602501,"w":-0.8168879747390747},"size":1.1412334442138672,"orthographic":false}