{"cameraMode":{"drawMode":0,"name":"Shaded","section":"Shading Mode"},"sceneLighting":false,"audioPlay":false,"sceneViewState":{"showFog":true,"showMaterialUpdate":false,"showSkybox":false,"showFlares":true,"showImageEffects":true,"showParticleSystems":true},"in2DMode":false,"pivot":{"x":-4.145103931427002,"y":2.5210726261138918,"z":0.4641733169555664},"rotation":{"x":-0.045592885464429858,"y":0.6200888156890869,"z":-0.03613799437880516,"w":-0.7823917269706726},"size":4.067870616912842,"orthographic":false}