{"cameraMode":{"drawMode":0,"name":"Shaded","section":"Shading Mode"},"sceneLighting":false,"audioPlay":false,"sceneViewState":{"showFog":true,"showMaterialUpdate":false,"showSkybox":false,"showFlares":true,"showImageEffects":true,"showParticleSystems":true},"in2DMode":false,"pivot":{"x":-4.918147563934326,"y":2.6339921951293947,"z":0.3347375988960266},"rotation":{"x":0.05404525250196457,"y":-0.6784684062004089,"z":0.05017207935452461,"w":0.7309353351593018},"size":4.709012508392334,"orthographic":false}