{"cameraMode":{"drawMode":0,"name":"Shaded","section":"Shading Mode"},"sceneLighting":false,"audioPlay":false,"sceneViewState":{"showFog":true,"showMaterialUpdate":false,"showSkybox":false,"showFlares":true,"showImageEffects":true,"showParticleSystems":true},"in2DMode":false,"pivot":{"x":-0.9952234029769898,"y":1.943169355392456,"z":-3.7987234592437746},"rotation":{"x":-0.005362226627767086,"y":-0.9916983842849731,"z":-0.04405121132731438,"w":0.12079233676195145},"size":4.454655647277832,"orthographic":false}