{"cameraMode":{"drawMode":0,"name":"Shaded","section":"Shading Mode"},"sceneLighting":false,"audioPlay":false,"sceneViewState":{"showFog":true,"showMaterialUpdate":false,"showSkybox":false,"showFlares":true,"showImageEffects":true,"showParticleSystems":true},"in2DMode":false,"pivot":{"x":-0.7679344415664673,"y":2.347163200378418,"z":-0.0005968809127807617},"rotation":{"x":-0.010526681318879128,"y":-0.22016870975494386,"z":-0.002373649273067713,"w":0.9754103422164917},"size":4.681606292724609,"orthographic":false}