{"cameraMode":{"drawMode":0,"name":"Shaded","section":"Shading Mode"},"sceneLighting":false,"audioPlay":false,"sceneViewState":{"showFog":true,"showMaterialUpdate":false,"showSkybox":true,"showFlares":true,"showImageEffects":true,"showParticleSystems":true},"in2DMode":false,"pivot":{"x":-3.113320827484131,"y":1.3248814344406129,"z":-2.5559422969818117},"rotation":{"x":0.012583785690367222,"y":-0.9179327487945557,"z":0.02920890972018242,"w":0.3954656720161438},"size":4.765269756317139,"orthographic":false}