{"cameraMode":{"drawMode":0,"name":"Shaded","section":"Shading Mode"},"sceneLighting":false,"audioPlay":false,"sceneViewState":{"showFog":true,"showMaterialUpdate":false,"showSkybox":false,"showFlares":true,"showImageEffects":true,"showParticleSystems":true},"in2DMode":false,"pivot":{"x":-0.7218085527420044,"y":2.375063419342041,"z":-0.000028431415557861328},"rotation":{"x":-0.01172617357224226,"y":-0.29979485273361208,"z":-0.003682786598801613,"w":0.9539333581924439},"size":4.757036209106445,"orthographic":false}