{"cameraMode":{"drawMode":0,"name":"Shaded","section":"Shading Mode"},"sceneLighting":false,"audioPlay":false,"sceneViewState":{"showFog":true,"showMaterialUpdate":false,"showSkybox":false,"showFlares":true,"showImageEffects":true,"showParticleSystems":true},"in2DMode":false,"pivot":{"x":-0.8949729204177856,"y":2.548562526702881,"z":-0.008961081504821778},"rotation":{"x":-0.06130445376038551,"y":0.6372765898704529,"z":-0.050969935953617099,"w":-0.7665078639984131},"size":2.5864474773406984,"orthographic":false}