{"cameraMode":{"drawMode":0,"name":"Shaded","section":"Shading Mode"},"sceneLighting":false,"audioPlay":false,"sceneViewState":{"showFog":true,"showMaterialUpdate":false,"showSkybox":false,"showFlares":true,"showImageEffects":true,"showParticleSystems":true},"in2DMode":false,"pivot":{"x":0.4601002633571625,"y":1.1995538473129273,"z":-3.1510605812072756},"rotation":{"x":-0.0019336165860295296,"y":-0.9974508285522461,"z":0.029642494395375253,"w":-0.06503365933895111},"size":4.276879787445068,"orthographic":false}