{"cameraMode":{"drawMode":0,"name":"Shaded","section":"Shading Mode"},"sceneLighting":false,"audioPlay":false,"sceneViewState":{"showFog":true,"showMaterialUpdate":false,"showSkybox":false,"showFlares":true,"showImageEffects":true,"showParticleSystems":true},"in2DMode":false,"pivot":{"x":-0.11527712643146515,"y":2.87349009513855,"z":0.8719801306724548},"rotation":{"x":-0.03226714953780174,"y":0.8584439754486084,"z":-0.054420530796051028,"w":-0.5089907050132752},"size":0.94838947057724,"orthographic":false}