{"cameraMode":{"drawMode":0,"name":"Shaded","section":"Shading Mode"},"sceneLighting":false,"audioPlay":false,"sceneViewState":{"showFog":true,"showMaterialUpdate":false,"showSkybox":false,"showFlares":true,"showImageEffects":true,"showParticleSystems":true},"in2DMode":false,"pivot":{"x":-1.2517778873443604,"y":2.5500946044921877,"z":-0.37379053235054018},"rotation":{"x":-0.01669817604124546,"y":0.9102499485015869,"z":-0.03688529133796692,"w":-0.4120754301548004},"size":1.9822680950164796,"orthographic":false}