{"cameraMode":{"drawMode":0,"name":"Shaded","section":"Shading Mode"},"sceneLighting":false,"audioPlay":false,"sceneViewState":{"showFog":true,"showMaterialUpdate":false,"showSkybox":false,"showFlares":true,"showImageEffects":true,"showParticleSystems":true},"in2DMode":false,"pivot":{"x":-2.706069231033325,"y":3.288971185684204,"z":0.1459060162305832},"rotation":{"x":-0.06075550243258476,"y":-0.6703171730041504,"z":-0.05521726980805397,"w":0.7375339865684509},"size":2.8903064727783205,"orthographic":false}