{"cameraMode":{"drawMode":0,"name":"Shaded","section":"Shading Mode"},"sceneLighting":false,"audioPlay":false,"sceneViewState":{"showFog":true,"showMaterialUpdate":false,"showSkybox":false,"showFlares":true,"showImageEffects":true,"showParticleSystems":true},"in2DMode":false,"pivot":{"x":-3.0505242347717287,"y":1.5300763845443726,"z":0.7022269368171692},"rotation":{"x":0.026901019737124444,"y":0.6336058378219605,"z":0.022051047533750535,"w":-0.7728989720344544},"size":4.7888407707214359,"orthographic":false}