{"cameraMode":{"drawMode":0,"name":"Shaded","section":"Shading Mode"},"sceneLighting":false,"audioPlay":false,"sceneViewState":{"showFog":true,"showMaterialUpdate":false,"showSkybox":false,"showFlares":true,"showImageEffects":true,"showParticleSystems":true},"in2DMode":false,"pivot":{"x":-2.9086382389068605,"y":3.1551408767700197,"z":1.8556159734725953},"rotation":{"x":-0.016291458159685136,"y":-0.4545121192932129,"z":-0.00831221230328083,"w":0.8905631899833679},"size":4.7412333488464359,"orthographic":false}