{"cameraMode":{"drawMode":0,"name":"Shaded","section":"Shading Mode"},"sceneLighting":false,"audioPlay":false,"sceneViewState":{"showFog":true,"showMaterialUpdate":false,"showSkybox":false,"showFlares":true,"showImageEffects":true,"showParticleSystems":true},"in2DMode":false,"pivot":{"x":-4.619989395141602,"y":3.6183931827545168,"z":0.41364914178848269},"rotation":{"x":0.05223413184285164,"y":0.6825147271156311,"z":0.04901386797428131,"w":-0.7273643612861633},"size":4.749837398529053,"orthographic":false}