{"cameraMode":{"drawMode":0,"name":"Shaded","section":"Shading Mode"},"sceneLighting":false,"audioPlay":false,"sceneViewState":{"showFog":true,"showMaterialUpdate":false,"showSkybox":false,"showFlares":true,"showImageEffects":true,"showParticleSystems":true},"in2DMode":false,"pivot":{"x":-0.7686225175857544,"y":2.3499245643615724,"z":-0.005383610725402832},"rotation":{"x":-0.012559745460748673,"y":0.9425197243690491,"z":-0.03565346077084541,"w":-0.33202406764030459},"size":4.516117095947266,"orthographic":false}