{"cameraMode":{"drawMode":0,"name":"Shaded","section":"Shading Mode"},"sceneLighting":false,"audioPlay":false,"sceneViewState":{"showFog":true,"showMaterialUpdate":false,"showSkybox":false,"showFlares":true,"showImageEffects":true,"showParticleSystems":true},"in2DMode":false,"pivot":{"x":-1.7030096054077149,"y":2.9266085624694826,"z":0.291765421628952},"rotation":{"x":0.028217744082212449,"y":-0.6122650504112244,"z":0.02187402732670307,"w":0.7898626923561096},"size":1.8801827430725098,"orthographic":false}