{"cameraMode":{"drawMode":0,"name":"Shaded","section":"Shading Mode"},"sceneLighting":false,"audioPlay":false,"sceneViewState":{"showFog":true,"showMaterialUpdate":false,"showSkybox":false,"showFlares":true,"showImageEffects":true,"showParticleSystems":true},"in2DMode":false,"pivot":{"x":-0.21111859381198884,"y":2.5217950344085695,"z":-0.32421875},"rotation":{"x":0.0028132821898907425,"y":0.8691959977149963,"z":0.004946200642734766,"w":-0.49444103240966799},"size":1.8713138103485108,"orthographic":false}