{"cameraMode":{"drawMode":0,"name":"Shaded","section":"Shading Mode"},"sceneLighting":false,"audioPlay":false,"sceneViewState":{"showFog":true,"showMaterialUpdate":false,"showSkybox":false,"showFlares":true,"showImageEffects":true,"showParticleSystems":true},"in2DMode":false,"pivot":{"x":-2.049377202987671,"y":2.9751548767089845,"z":0.019729143008589746},"rotation":{"x":0.006632382050156593,"y":0.6461845636367798,"z":0.005615180358290672,"w":-0.7631450891494751},"size":2.177288770675659,"orthographic":false}