{"cameraMode":{"drawMode":0,"name":"Shaded","section":"Shading Mode"},"sceneLighting":false,"audioPlay":false,"sceneViewState":{"showFog":true,"showMaterialUpdate":false,"showSkybox":false,"showFlares":true,"showImageEffects":true,"showParticleSystems":true},"in2DMode":false,"pivot":{"x":-0.7954025864601135,"y":2.404290199279785,"z":-0.0011430978775024415},"rotation":{"x":-0.022664181888103486,"y":0.7012174725532532,"z":-0.022313039749860765,"w":-0.7122442722320557},"size":4.728603839874268,"orthographic":false}