{"cameraMode":{"drawMode":0,"name":"Shaded","section":"Shading Mode"},"sceneLighting":false,"audioPlay":false,"sceneViewState":{"showFog":true,"showMaterialUpdate":false,"showSkybox":false,"showFlares":true,"showImageEffects":true,"showParticleSystems":true},"in2DMode":false,"pivot":{"x":0.14215409755706788,"y":1.712503433227539,"z":-3.230055093765259},"rotation":{"x":-0.003595273941755295,"y":0.9964155554771423,"z":0.05954686924815178,"w":0.06015832722187042},"size":4.5809454917907719,"orthographic":false}