{"cameraMode":{"drawMode":0,"name":"Shaded","section":"Shading Mode"},"sceneLighting":true,"audioPlay":false,"sceneViewState":{"showFog":true,"showMaterialUpdate":false,"showSkybox":true,"showFlares":true,"showImageEffects":true,"showParticleSystems":true},"in2DMode":false,"pivot":{"x":-3.926590919494629,"y":1.3794915676116944,"z":-1.7633328437805176},"rotation":{"x":-0.02344091422855854,"y":0.8645278215408325,"z":-0.0404977947473526,"w":-0.5004045367240906},"size":4.891972541809082,"orthographic":false}