{"cameraMode":{"drawMode":0,"name":"Shaded","section":"Shading Mode"},"sceneLighting":false,"audioPlay":false,"sceneViewState":{"showFog":true,"showMaterialUpdate":false,"showSkybox":false,"showFlares":true,"showImageEffects":true,"showParticleSystems":true},"in2DMode":false,"pivot":{"x":-2.009010076522827,"y":2.497635841369629,"z":0.7377326488494873},"rotation":{"x":0.17167982459068299,"y":-0.4694763720035553,"z":0.09361161291599274,"w":0.8610284328460693},"size":1.948479413986206,"orthographic":false}