{"cameraMode":{"drawMode":0,"name":"Shaded","section":"Shading Mode"},"sceneLighting":false,"audioPlay":false,"sceneViewState":{"showFog":true,"showMaterialUpdate":false,"showSkybox":true,"showFlares":true,"showImageEffects":true,"showParticleSystems":true},"in2DMode":false,"pivot":{"x":-0.7510100603103638,"y":1.5932425260543824,"z":-0.6693341135978699},"rotation":{"x":0.08719572424888611,"y":0.009273828938603402,"z":-0.000813301419839263,"w":0.9961560964584351},"size":1.587226152420044,"orthographic":false}