{"cameraMode":{"drawMode":0,"name":"Shaded","section":"Shading Mode"},"sceneLighting":false,"audioPlay":false,"sceneViewState":{"showFog":true,"showMaterialUpdate":false,"showSkybox":false,"showFlares":true,"showImageEffects":true,"showParticleSystems":true},"in2DMode":false,"pivot":{"x":-2.539348602294922,"y":2.959108591079712,"z":-0.4611317217350006},"rotation":{"x":-0.00769059918820858,"y":-0.8128829598426819,"z":-0.010715850628912449,"w":0.5822980999946594},"size":2.8578836917877199,"orthographic":false}