{"cameraMode":{"drawMode":0,"name":"Shaded","section":"Shading Mode"},"sceneLighting":false,"audioPlay":false,"sceneViewState":{"showFog":true,"showMaterialUpdate":false,"showSkybox":false,"showFlares":true,"showImageEffects":true,"showParticleSystems":true},"in2DMode":false,"pivot":{"x":-5.5042643547058109,"y":2.503950595855713,"z":0.564687192440033},"rotation":{"x":0.0716242641210556,"y":-0.6641559600830078,"z":0.06416334956884384,"w":0.7413893342018127},"size":5.266890048980713,"orthographic":false}