{"cameraMode":{"drawMode":0,"name":"Shaded","section":"Shading Mode"},"sceneLighting":false,"audioPlay":false,"sceneViewState":{"showFog":true,"showMaterialUpdate":false,"showSkybox":false,"showFlares":true,"showImageEffects":true,"showParticleSystems":true},"in2DMode":false,"pivot":{"x":-0.7218085527420044,"y":2.375037670135498,"z":-0.00002956390380859375},"rotation":{"x":-0.01172617357224226,"y":-0.29979485273361208,"z":-0.003682786598801613,"w":0.9539333581924439},"size":4.75697135925293,"orthographic":false}