{"cameraMode":{"drawMode":0,"name":"Shaded","section":"Shading Mode"},"sceneLighting":false,"audioPlay":false,"sceneViewState":{"showFog":true,"showMaterialUpdate":false,"showSkybox":false,"showFlares":true,"showImageEffects":true,"showParticleSystems":true},"in2DMode":false,"pivot":{"x":-2.4948999881744386,"y":2.7047858238220217,"z":-0.027250714600086213},"rotation":{"x":-0.022535128518939019,"y":0.8023005127906799,"z":-0.030349131673574449,"w":-0.5957273244857788},"size":4.473123550415039,"orthographic":false}