{"cameraMode":{"drawMode":0,"name":"Shaded","section":"Shading Mode"},"sceneLighting":false,"audioPlay":false,"sceneViewState":{"showFog":true,"showMaterialUpdate":false,"showSkybox":false,"showFlares":true,"showImageEffects":true,"showParticleSystems":true},"in2DMode":false,"pivot":{"x":-1.200505018234253,"y":1.592330813407898,"z":-3.5012404918670656},"rotation":{"x":-0.0018293755128979684,"y":-0.9869006872177124,"z":-0.011242363601922989,"w":0.1609935611486435},"size":4.775720596313477,"orthographic":false}