{"cameraMode":{"drawMode":0,"name":"Shaded","section":"Shading Mode"},"sceneLighting":false,"audioPlay":false,"sceneViewState":{"showFog":true,"showMaterialUpdate":false,"showSkybox":false,"showFlares":true,"showImageEffects":true,"showParticleSystems":true},"in2DMode":false,"pivot":{"x":-0.9610051512718201,"y":2.95888614654541,"z":0.3622083067893982},"rotation":{"x":0.03573104366660118,"y":0.5924324989318848,"z":0.02631569467484951,"w":-0.8044010400772095},"size":1.3375153541564942,"orthographic":false}