{"cameraMode":{"drawMode":0,"name":"Shaded","section":"Shading Mode"},"sceneLighting":false,"audioPlay":false,"sceneViewState":{"showFog":true,"showMaterialUpdate":false,"showSkybox":false,"showFlares":true,"showImageEffects":true,"showParticleSystems":true},"in2DMode":false,"pivot":{"x":-1.2609374523162842,"y":2.390714645385742,"z":0.6321501731872559},"rotation":{"x":0.008375899866223336,"y":0.058761462569236758,"z":0.0004930275026708841,"w":-0.9982384443283081},"size":2.2695789337158205,"orthographic":true}