{"cameraMode":{"drawMode":0,"name":"Shaded","section":"Shading Mode"},"sceneLighting":false,"audioPlay":false,"sceneViewState":{"showFog":true,"showMaterialUpdate":false,"showSkybox":false,"showFlares":true,"showImageEffects":true,"showParticleSystems":true},"in2DMode":false,"pivot":{"x":-3.496537446975708,"y":2.3680577278137209,"z":0.8897132873535156},"rotation":{"x":0.03987453877925873,"y":-0.61658775806427,"z":0.0312938466668129,"w":0.7856613993644714},"size":4.726461410522461,"orthographic":false}