{"cameraMode":{"drawMode":0,"name":"Shaded","section":"Shading Mode"},"sceneLighting":false,"audioPlay":false,"sceneViewState":{"showFog":true,"showMaterialUpdate":false,"showSkybox":false,"showFlares":true,"showImageEffects":true,"showParticleSystems":true},"in2DMode":false,"pivot":{"x":-0.795402467250824,"y":2.3832874298095705,"z":-0.000038564205169677734},"rotation":{"x":-0.01172617357224226,"y":-0.29979485273361208,"z":-0.003682786598801613,"w":0.9539333581924439},"size":4.7753400802612309,"orthographic":false}