{"cameraMode":{"drawMode":0,"name":"Shaded","section":"Shading Mode"},"sceneLighting":false,"audioPlay":false,"sceneViewState":{"showFog":true,"showMaterialUpdate":false,"showSkybox":false,"showFlares":true,"showImageEffects":true,"showParticleSystems":true},"in2DMode":false,"pivot":{"x":-0.20679602026939393,"y":1.4634621143341065,"z":0.6468231678009033},"rotation":{"x":0.00487308856099844,"y":0.8921462297439575,"z":0.009627091698348523,"w":-0.4516250789165497},"size":1.330773115158081,"orthographic":false}