{"cameraMode":{"drawMode":0,"name":"Shaded","section":"Shading Mode"},"sceneLighting":false,"audioPlay":false,"sceneViewState":{"showFog":true,"showMaterialUpdate":false,"showSkybox":false,"showFlares":true,"showImageEffects":true,"showParticleSystems":true},"in2DMode":false,"pivot":{"x":-3.761268138885498,"y":3.1987600326538088,"z":0.49396321177482607},"rotation":{"x":0.010426596738398075,"y":0.6541245579719544,"z":0.009024581871926785,"w":-0.7562741041183472},"size":3.849837064743042,"orthographic":false}