{"cameraMode":{"drawMode":0,"name":"Shaded","section":"Shading Mode"},"sceneLighting":false,"audioPlay":false,"sceneViewState":{"showFog":true,"showMaterialUpdate":false,"showSkybox":false,"showFlares":true,"showImageEffects":true,"showParticleSystems":true},"in2DMode":false,"pivot":{"x":-3.5832302570343019,"y":3.454087257385254,"z":-0.48021334409713747},"rotation":{"x":0.06068982928991318,"y":0.7218867540359497,"z":0.0638294368982315,"w":-0.6863911747932434},"size":4.69034481048584,"orthographic":false}