{"cameraMode":{"drawMode":0,"name":"Shaded","section":"Shading Mode"},"sceneLighting":false,"audioPlay":false,"sceneViewState":{"showFog":true,"showMaterialUpdate":false,"showSkybox":false,"showFlares":true,"showImageEffects":true,"showParticleSystems":true},"in2DMode":false,"pivot":{"x":-2.2771520614624025,"y":2.317495822906494,"z":0.07987906783819199},"rotation":{"x":0.05273092910647392,"y":-0.7242231965065002,"z":0.05574739724397659,"w":0.6853031516075134},"size":3.849837064743042,"orthographic":false}