{"cameraMode":{"drawMode":0,"name":"Shaded","section":"Shading Mode"},"sceneLighting":false,"audioPlay":false,"sceneViewState":{"showFog":true,"showMaterialUpdate":false,"showSkybox":false,"showFlares":true,"showImageEffects":true,"showParticleSystems":true},"in2DMode":false,"pivot":{"x":-1.9761161804199219,"y":2.842857837677002,"z":0.4301612675189972},"rotation":{"x":0.014804777689278126,"y":0.5680124759674072,"z":0.010219824500381947,"w":-0.8228293657302856},"size":3.2057650089263918,"orthographic":false}