{"cameraMode":{"drawMode":0,"name":"Shaded","section":"Shading Mode"},"sceneLighting":false,"audioPlay":false,"sceneViewState":{"showFog":true,"showMaterialUpdate":false,"showSkybox":false,"showFlares":true,"showImageEffects":true,"showParticleSystems":true},"in2DMode":false,"pivot":{"x":-0.7682147026062012,"y":2.3128702640533449,"z":0.0000864267349243164},"rotation":{"x":-0.06435941159725189,"y":-0.05715236812829971,"z":0.0036884676665067674,"w":-0.9962855577468872},"size":3.3643574714660646,"orthographic":false}