{"cameraMode":{"drawMode":0,"name":"Shaded","section":"Shading Mode"},"sceneLighting":false,"audioPlay":false,"sceneViewState":{"showFog":true,"showMaterialUpdate":false,"showSkybox":false,"showFlares":true,"showImageEffects":true,"showParticleSystems":true},"in2DMode":false,"pivot":{"x":-4.322803497314453,"y":2.9851605892181398,"z":-0.12210234999656677},"rotation":{"x":-0.01139869261533022,"y":0.7348542809486389,"z":-0.012353776954114437,"w":-0.6780261993408203},"size":4.516117095947266,"orthographic":false}