{"cameraMode":{"drawMode":0,"name":"Shaded","section":"Shading Mode"},"sceneLighting":false,"audioPlay":false,"sceneViewState":{"showFog":true,"showMaterialUpdate":false,"showSkybox":false,"showFlares":true,"showImageEffects":true,"showParticleSystems":true},"in2DMode":false,"pivot":{"x":-1.0512827634811402,"y":2.915459394454956,"z":0.9529070258140564},"rotation":{"x":0.041293833404779437,"y":-0.21617811918258668,"z":0.009154202416539193,"w":0.9754372835159302},"size":2.4427037239074709,"orthographic":false}