{"cameraMode":{"drawMode":0,"name":"Shaded","section":"Shading Mode"},"sceneLighting":false,"audioPlay":false,"sceneViewState":{"showFog":true,"showMaterialUpdate":false,"showSkybox":false,"showFlares":true,"showImageEffects":true,"showParticleSystems":true},"in2DMode":false,"pivot":{"x":-0.3094541132450104,"y":2.596622943878174,"z":-1.5595703125},"rotation":{"x":0.05675802752375603,"y":0.6543609499931336,"z":0.04936085641384125,"w":-0.7524341940879822},"size":2.157792806625366,"orthographic":false}