{"cameraMode":{"drawMode":0,"name":"Shaded","section":"Shading Mode"},"sceneLighting":false,"audioPlay":false,"sceneViewState":{"showFog":true,"showMaterialUpdate":false,"showSkybox":true,"showFlares":true,"showImageEffects":true,"showParticleSystems":true},"in2DMode":false,"pivot":{"x":-0.5564234256744385,"y":0.9515750408172607,"z":0.20882558822631837},"rotation":{"x":-0.011076289229094983,"y":-0.9789745211601257,"z":0.05528164654970169,"w":-0.19608284533023835},"size":2.723217010498047,"orthographic":false}