{"cameraMode":{"drawMode":0,"name":"Shaded","section":"Shading Mode"},"sceneLighting":false,"audioPlay":false,"sceneViewState":{"showFog":true,"showMaterialUpdate":false,"showSkybox":false,"showFlares":true,"showImageEffects":true,"showParticleSystems":true},"in2DMode":false,"pivot":{"x":2.558119773864746,"y":2.3220794200897219,"z":1.7426867485046387},"rotation":{"x":-0.006054172292351723,"y":-0.8707802891731262,"z":0.010717925615608693,"w":-0.49153971672058108},"size":4.700046062469482,"orthographic":false}