{"cameraMode":{"drawMode":0,"name":"Shaded","section":"Shading Mode"},"sceneLighting":false,"audioPlay":false,"sceneViewState":{"showFog":true,"showMaterialUpdate":false,"showSkybox":false,"showFlares":true,"showImageEffects":true,"showParticleSystems":true},"in2DMode":false,"pivot":{"x":-0.8270368576049805,"y":2.8070712089538576,"z":-0.1331174373626709},"rotation":{"x":-0.025042833760380746,"y":0.8480082154273987,"z":-0.040236297994852069,"w":-0.5278986096382141},"size":3.20900297164917,"orthographic":false}