{"cameraMode":{"drawMode":0,"name":"Shaded","section":"Shading Mode"},"sceneLighting":false,"audioPlay":false,"sceneViewState":{"showFog":true,"showMaterialUpdate":false,"showSkybox":false,"showFlares":true,"showImageEffects":true,"showParticleSystems":true},"in2DMode":false,"pivot":{"x":-3.951906204223633,"y":2.6412417888641359,"z":0.01731260120868683},"rotation":{"x":0.05592675879597664,"y":-0.69707852602005,"z":0.05470149964094162,"w":0.7127360105514526},"size":4.701807498931885,"orthographic":false}