{"cameraMode":{"drawMode":0,"name":"Shaded","section":"Shading Mode"},"sceneLighting":false,"audioPlay":false,"sceneViewState":{"showFog":true,"showMaterialUpdate":false,"showSkybox":false,"showFlares":true,"showImageEffects":true,"showParticleSystems":true},"in2DMode":false,"pivot":{"x":-0.049004122614860538,"y":1.5805057287216187,"z":0.18839485943317414},"rotation":{"x":-0.010228762403130532,"y":0.9829067587852478,"z":-0.0575750432908535,"w":-0.17461083829402924},"size":0.16777272522449494,"orthographic":false}