{"cameraMode":{"drawMode":0,"name":"Shaded","section":"Shading Mode"},"sceneLighting":false,"audioPlay":false,"sceneViewState":{"showFog":true,"showMaterialUpdate":false,"showSkybox":false,"showFlares":true,"showImageEffects":true,"showParticleSystems":true},"in2DMode":false,"pivot":{"x":-0.7218085527420044,"y":2.4039440155029299,"z":-0.00466001033782959},"rotation":{"x":0.010912977159023285,"y":0.8704758882522583,"z":0.019319308921694757,"w":-0.4917183816432953},"size":4.701794624328613,"orthographic":false}