{"cameraMode":{"drawMode":0,"name":"Shaded","section":"Shading Mode"},"sceneLighting":false,"audioPlay":false,"sceneViewState":{"showFog":true,"showMaterialUpdate":false,"showSkybox":false,"showFlares":true,"showImageEffects":true,"showParticleSystems":true},"in2DMode":false,"pivot":{"x":-0.7809325456619263,"y":2.3773155212402345,"z":-0.000036776065826416016},"rotation":{"x":0.020448880270123483,"y":-0.38978350162506106,"z":0.008660397492349148,"w":0.9206445217132568},"size":4.768733024597168,"orthographic":false}