{"cameraMode":{"drawMode":0,"name":"Shaded","section":"Shading Mode"},"sceneLighting":false,"audioPlay":false,"sceneViewState":{"showFog":true,"showMaterialUpdate":false,"showSkybox":false,"showFlares":true,"showImageEffects":true,"showParticleSystems":true},"in2DMode":false,"pivot":{"x":-0.7266085147857666,"y":2.3128702640533449,"z":0.0000864267349243164},"rotation":{"x":-0.003031601198017597,"y":-0.3898774981498718,"z":-0.0012809764593839646,"w":0.9208667874336243},"size":4.113523006439209,"orthographic":false}