{"cameraMode":{"drawMode":0,"name":"Shaded","section":"Shading Mode"},"sceneLighting":false,"audioPlay":false,"sceneViewState":{"showFog":true,"showMaterialUpdate":false,"showSkybox":false,"showFlares":true,"showImageEffects":true,"showParticleSystems":true},"in2DMode":false,"pivot":{"x":-0.06040447950363159,"y":3.0094032287597658,"z":-0.10277724266052246},"rotation":{"x":-0.11173657327890396,"y":0.5115281343460083,"z":-0.06729719787836075,"w":-0.8493146300315857},"size":1.1412334442138672,"orthographic":false}