{"cameraMode":{"drawMode":0,"name":"Shaded","section":"Shading Mode"},"sceneLighting":false,"audioPlay":false,"sceneViewState":{"showFog":true,"showMaterialUpdate":false,"showSkybox":false,"showFlares":true,"showImageEffects":true,"showParticleSystems":true},"in2DMode":false,"pivot":{"x":-0.4404259920120239,"y":2.544247627258301,"z":0.2816714346408844},"rotation":{"x":0.0074517070315778259,"y":0.7704317569732666,"z":0.009007218293845654,"w":-0.6374198198318481},"size":1.8713138103485108,"orthographic":false}