{"cameraMode":{"drawMode":0,"name":"Shaded","section":"Shading Mode"},"sceneLighting":false,"audioPlay":false,"sceneViewState":{"showFog":true,"showMaterialUpdate":false,"showSkybox":false,"showFlares":true,"showImageEffects":true,"showParticleSystems":true},"in2DMode":false,"pivot":{"x":-0.7218085527420044,"y":2.3823530673980715,"z":-0.00007158517837524414},"rotation":{"x":0.020396526902914048,"y":-0.3953002393245697,"z":0.008782947435975075,"w":0.9182894825935364},"size":4.749837398529053,"orthographic":false}