{"cameraMode":{"drawMode":0,"name":"Shaded","section":"Shading Mode"},"sceneLighting":false,"audioPlay":false,"sceneViewState":{"showFog":true,"showMaterialUpdate":false,"showSkybox":false,"showFlares":true,"showImageEffects":true,"showParticleSystems":true},"in2DMode":false,"pivot":{"x":-0.9593269228935242,"y":3.092115879058838,"z":-0.284707248210907},"rotation":{"x":0.04713151976466179,"y":-0.554559051990509,"z":0.03148298338055611,"w":0.8302162885665894},"size":1.0319783687591553,"orthographic":false}