{"cameraMode":{"drawMode":0,"name":"Shaded","section":"Shading Mode"},"sceneLighting":false,"audioPlay":false,"sceneViewState":{"showFog":true,"showMaterialUpdate":false,"showSkybox":false,"showFlares":true,"showImageEffects":true,"showParticleSystems":true},"in2DMode":false,"pivot":{"x":-3.5614724159240724,"y":2.036999225616455,"z":0.11580471694469452},"rotation":{"x":-0.14861419796943665,"y":0.6770805716514587,"z":-0.14240726828575135,"w":-0.7065555453300476},"size":4.7113142013549809,"orthographic":false}