{"cameraMode":{"drawMode":0,"name":"Shaded","section":"Shading Mode"},"sceneLighting":false,"audioPlay":false,"sceneViewState":{"showFog":true,"showMaterialUpdate":false,"showSkybox":false,"showFlares":true,"showImageEffects":true,"showParticleSystems":true},"in2DMode":false,"pivot":{"x":-3.13588285446167,"y":2.120243549346924,"z":-2.298927068710327},"rotation":{"x":0.038506802171468738,"y":-0.895912766456604,"z":0.07923442870378494,"w":0.43542173504829409},"size":4.709786891937256,"orthographic":false}