{"cameraMode":{"drawMode":0,"name":"Shaded","section":"Shading Mode"},"sceneLighting":false,"audioPlay":false,"sceneViewState":{"showFog":true,"showMaterialUpdate":false,"showSkybox":true,"showFlares":true,"showImageEffects":true,"showParticleSystems":true},"in2DMode":false,"pivot":{"x":-1.5755809545516968,"y":0.9499266147613525,"z":2.8685243129730226},"rotation":{"x":-0.08858046680688858,"y":-0.050182927399873736,"z":0.00446892436593771,"w":-0.9947963953018189},"size":5.68637752532959,"orthographic":false}