{"cameraMode":{"drawMode":0,"name":"Shaded","section":"Shading Mode"},"sceneLighting":false,"audioPlay":false,"sceneViewState":{"showFog":true,"showMaterialUpdate":false,"showSkybox":false,"showFlares":true,"showImageEffects":true,"showParticleSystems":true},"in2DMode":false,"pivot":{"x":-1.607122540473938,"y":2.8629047870635988,"z":-0.10261093825101853},"rotation":{"x":0.037293899804353717,"y":-0.784129798412323,"z":0.04734905809164047,"w":0.6176638007164002},"size":1.7840656042099,"orthographic":false}