{"cameraMode":{"drawMode":0,"name":"Shaded","section":"Shading Mode"},"sceneLighting":false,"audioPlay":false,"sceneViewState":{"showFog":true,"showMaterialUpdate":false,"showSkybox":false,"showFlares":true,"showImageEffects":true,"showParticleSystems":true},"in2DMode":false,"pivot":{"x":-3.538814067840576,"y":2.394545316696167,"z":-0.47464871406555178},"rotation":{"x":-0.03958996757864952,"y":0.7661452889442444,"z":-0.04741591215133667,"w":-0.6397017240524292},"size":4.516117095947266,"orthographic":false}