{"cameraMode":{"drawMode":0,"name":"Shaded","section":"Shading Mode"},"sceneLighting":false,"audioPlay":false,"sceneViewState":{"showFog":true,"showMaterialUpdate":false,"showSkybox":false,"showFlares":true,"showImageEffects":true,"showParticleSystems":true},"in2DMode":false,"pivot":{"x":-0.7954025864601135,"y":2.4039440155029299,"z":-0.004655301570892334},"rotation":{"x":0.006927828304469585,"y":0.9036991000175476,"z":0.014632448554039002,"w":-0.42787355184555056},"size":4.701807498931885,"orthographic":false}