{"cameraMode":{"drawMode":0,"name":"Shaded","section":"Shading Mode"},"sceneLighting":false,"audioPlay":false,"sceneViewState":{"showFog":true,"showMaterialUpdate":false,"showSkybox":false,"showFlares":true,"showImageEffects":true,"showParticleSystems":true},"in2DMode":false,"pivot":{"x":-3.707679033279419,"y":2.468132257461548,"z":-0.07174896448850632},"rotation":{"x":-0.02477646805346012,"y":0.7303929924964905,"z":-0.026532268151640893,"w":-0.682068943977356},"size":6.201808452606201,"orthographic":false}