{"cameraMode":{"drawMode":0,"name":"Shaded","section":"Shading Mode"},"sceneLighting":false,"audioPlay":false,"sceneViewState":{"showFog":true,"showMaterialUpdate":false,"showSkybox":false,"showFlares":true,"showImageEffects":true,"showParticleSystems":true},"in2DMode":false,"pivot":{"x":3.1202280521392824,"y":1.7477275133132935,"z":-2.0383639335632326},"rotation":{"x":0.00799433421343565,"y":-0.8692596554756165,"z":-0.014078613370656968,"w":-0.4941266179084778},"size":4.516109943389893,"orthographic":false}