{"cameraMode":{"drawMode":0,"name":"Shaded","section":"Shading Mode"},"sceneLighting":false,"audioPlay":false,"sceneViewState":{"showFog":true,"showMaterialUpdate":false,"showSkybox":false,"showFlares":true,"showImageEffects":true,"showParticleSystems":true},"in2DMode":false,"pivot":{"x":-2.853949546813965,"y":0.9469646215438843,"z":-1.0865375995635987},"rotation":{"x":0.02984689548611641,"y":-0.8434919714927673,"z":0.04712437838315964,"w":0.5342546701431274},"size":4.679933071136475,"orthographic":false}