{"cameraMode":{"drawMode":0,"name":"Shaded","section":"Shading Mode"},"sceneLighting":false,"audioPlay":false,"sceneViewState":{"showFog":true,"showMaterialUpdate":false,"showSkybox":false,"showFlares":true,"showImageEffects":true,"showParticleSystems":true},"in2DMode":false,"pivot":{"x":-1.4096715450286866,"y":2.7509260177612306,"z":0.05015220120549202},"rotation":{"x":0.030687829479575158,"y":-0.6875869631767273,"z":0.029108306393027307,"w":0.7248746156692505},"size":2.439175605773926,"orthographic":false}