{"cameraMode":{"drawMode":0,"name":"Shaded","section":"Shading Mode"},"sceneLighting":false,"audioPlay":false,"sceneViewState":{"showFog":true,"showMaterialUpdate":false,"showSkybox":false,"showFlares":true,"showImageEffects":true,"showParticleSystems":true},"in2DMode":false,"pivot":{"x":-1.3799031972885132,"y":2.705000162124634,"z":1.363574743270874},"rotation":{"x":0.03512851148843765,"y":-0.3289281129837036,"z":0.012245447374880314,"w":0.9436355829238892},"size":2.73783802986145,"orthographic":false}