{"cameraMode":{"drawMode":0,"name":"Shaded","section":"Shading Mode"},"sceneLighting":false,"audioPlay":false,"sceneViewState":{"showFog":true,"showMaterialUpdate":false,"showSkybox":false,"showFlares":true,"showImageEffects":true,"showParticleSystems":true},"in2DMode":false,"pivot":{"x":-3.9492990970611574,"y":2.6853880882263185,"z":0.23706753551959992},"rotation":{"x":0.03432396426796913,"y":-0.6934826374053955,"z":0.033111464232206348,"w":0.718899130821228},"size":4.710054397583008,"orthographic":false}