{"cameraMode":{"drawMode":0,"name":"Shaded","section":"Shading Mode"},"sceneLighting":false,"audioPlay":false,"sceneViewState":{"showFog":true,"showMaterialUpdate":false,"showSkybox":false,"showFlares":true,"showImageEffects":true,"showParticleSystems":true},"in2DMode":false,"pivot":{"x":-3.708034038543701,"y":3.001002311706543,"z":0.4547387361526489},"rotation":{"x":0.03440586104989052,"y":0.6494200825691223,"z":0.02942938730120659,"w":-0.7591021656990051},"size":4.467144966125488,"orthographic":false}