{"cameraMode":{"drawMode":0,"name":"Shaded","section":"Shading Mode"},"sceneLighting":false,"audioPlay":false,"sceneViewState":{"showFog":true,"showMaterialUpdate":false,"showSkybox":false,"showFlares":true,"showImageEffects":true,"showParticleSystems":true},"in2DMode":false,"pivot":{"x":-2.727328300476074,"y":2.722792863845825,"z":0.7908961772918701},"rotation":{"x":-0.008872362785041333,"y":0.5712761282920837,"z":-0.0061746747232973579,"w":-0.8206932544708252},"size":4.649627685546875,"orthographic":false}