{"cameraMode":{"drawMode":0,"name":"Shaded","section":"Shading Mode"},"sceneLighting":false,"audioPlay":false,"sceneViewState":{"showFog":true,"showMaterialUpdate":false,"showSkybox":false,"showFlares":true,"showImageEffects":true,"showParticleSystems":true},"in2DMode":false,"pivot":{"x":-3.5862059593200685,"y":3.1842048168182375,"z":0.13127966225147248},"rotation":{"x":0.04262123256921768,"y":0.7314794063568115,"z":0.04591721296310425,"w":-0.6789866089820862},"size":4.69034481048584,"orthographic":false}