{"cameraMode":{"drawMode":0,"name":"Shaded","section":"Shading Mode"},"sceneLighting":false,"audioPlay":false,"sceneViewState":{"showFog":true,"showMaterialUpdate":false,"showSkybox":true,"showFlares":true,"showImageEffects":true,"showParticleSystems":true},"in2DMode":false,"pivot":{"x":-0.8062531352043152,"y":0.6167771816253662,"z":-1.3260077238082886},"rotation":{"x":-0.0008922924753278494,"y":0.9907339811325073,"z":-0.13578863441944123,"w":-0.0065511781722307209},"size":3.433612585067749,"orthographic":false}