{"cameraMode":{"drawMode":0,"name":"Shaded","section":"Shading Mode"},"sceneLighting":false,"audioPlay":false,"sceneViewState":{"showFog":true,"showMaterialUpdate":false,"showSkybox":false,"showFlares":true,"showImageEffects":true,"showParticleSystems":true},"in2DMode":false,"pivot":{"x":-3.928999662399292,"y":2.4762768745422365,"z":0.2760954201221466},"rotation":{"x":-0.03289584815502167,"y":0.7012526392936707,"z":-0.032431162893772128,"w":-0.7114430069923401},"size":4.473126411437988,"orthographic":false}