{"cameraMode":{"drawMode":0,"name":"Shaded","section":"Shading Mode"},"sceneLighting":true,"audioPlay":false,"sceneViewState":{"showFog":true,"showMaterialUpdate":false,"showSkybox":true,"showFlares":true,"showImageEffects":true,"showParticleSystems":true},"in2DMode":false,"pivot":{"x":-20.43221664428711,"y":123.0283203125,"z":-7.889570236206055},"rotation":{"x":-0.4209248423576355,"y":-0.5792362689971924,"z":0.49519121646881106,"w":-0.4922116994857788},"size":22.896984100341798,"orthographic":false}