{"cameraMode":{"drawMode":0,"name":"Shaded","section":"Shading Mode"},"sceneLighting":false,"audioPlay":false,"sceneViewState":{"showFog":true,"showMaterialUpdate":false,"showSkybox":true,"showFlares":true,"showImageEffects":true,"showParticleSystems":true},"in2DMode":false,"pivot":{"x":-0.6899329423904419,"y":-2.072789192199707,"z":2.9084854125976564},"rotation":{"x":-0.051133573055267337,"y":-0.07722407579421997,"z":0.003965734504163265,"w":-0.9956939220428467},"size":5.914497375488281,"orthographic":false}