{"cameraMode":{"drawMode":0,"name":"Shaded","section":"Shading Mode"},"sceneLighting":false,"audioPlay":false,"sceneViewState":{"showFog":true,"showMaterialUpdate":false,"showSkybox":false,"showFlares":true,"showImageEffects":true,"showParticleSystems":true},"in2DMode":false,"pivot":{"x":-2.073513984680176,"y":3.0402307510375978,"z":1.378830909729004},"rotation":{"x":0.04437675699591637,"y":-0.2774128317832947,"z":0.01282892283052206,"w":0.9596529603004456},"size":2.73783802986145,"orthographic":false}