{"cameraMode":{"drawMode":0,"name":"Shaded","section":"Shading Mode"},"sceneLighting":false,"audioPlay":false,"sceneViewState":{"showFog":true,"showMaterialUpdate":false,"showSkybox":false,"showFlares":true,"showImageEffects":true,"showParticleSystems":true},"in2DMode":false,"pivot":{"x":-0.3203912079334259,"y":1.3472766876220704,"z":-3.5371599197387697},"rotation":{"x":0.0009033368551172316,"y":-0.9982007145881653,"z":0.015583128668367863,"w":0.05816679447889328},"size":4.770712375640869,"orthographic":false}