{"cameraMode":{"drawMode":0,"name":"Shaded","section":"Shading Mode"},"sceneLighting":false,"audioPlay":false,"sceneViewState":{"showFog":true,"showMaterialUpdate":false,"showSkybox":false,"showFlares":true,"showImageEffects":true,"showParticleSystems":true},"in2DMode":false,"pivot":{"x":-3.4994497299194338,"y":3.1943719387054445,"z":0.411522775888443},"rotation":{"x":-0.015475896187126637,"y":-0.6635153889656067,"z":-0.013730696402490139,"w":0.7478871941566467},"size":3.430257797241211,"orthographic":false}