{"cameraMode":{"drawMode":0,"name":"Shaded","section":"Shading Mode"},"sceneLighting":false,"audioPlay":false,"sceneViewState":{"showFog":true,"showMaterialUpdate":false,"showSkybox":false,"showFlares":true,"showImageEffects":true,"showParticleSystems":true},"in2DMode":false,"pivot":{"x":-3.0988242626190187,"y":2.2656497955322267,"z":-0.02441062033176422},"rotation":{"x":0.047231994569301608,"y":-0.7153666615486145,"z":0.04858260229229927,"w":0.6954636573791504},"size":4.725675106048584,"orthographic":false}