{"cameraMode":{"drawMode":0,"name":"Shaded","section":"Shading Mode"},"sceneLighting":false,"audioPlay":false,"sceneViewState":{"showFog":true,"showMaterialUpdate":false,"showSkybox":false,"showFlares":true,"showImageEffects":true,"showParticleSystems":true},"in2DMode":false,"pivot":{"x":-4.3429856300354,"y":2.989748239517212,"z":-0.3653103709220886},"rotation":{"x":0.017758429050445558,"y":-0.7465753555297852,"z":0.019947800785303117,"w":0.6647945046424866},"size":4.728265762329102,"orthographic":false}