{"cameraMode":{"drawMode":0,"name":"Shaded","section":"Shading Mode"},"sceneLighting":false,"audioPlay":false,"sceneViewState":{"showFog":true,"showMaterialUpdate":false,"showSkybox":false,"showFlares":true,"showImageEffects":true,"showParticleSystems":true},"in2DMode":false,"pivot":{"x":-3.923672676086426,"y":2.6726136207580568,"z":0.39022886753082278},"rotation":{"x":-0.022664181888103486,"y":0.7012174725532532,"z":-0.022313039749860765,"w":-0.7122442722320557},"size":5.601795196533203,"orthographic":false}