{"cameraMode":{"drawMode":0,"name":"Shaded","section":"Shading Mode"},"sceneLighting":false,"audioPlay":false,"sceneViewState":{"showFog":true,"showMaterialUpdate":false,"showSkybox":false,"showFlares":true,"showImageEffects":true,"showParticleSystems":true},"in2DMode":false,"pivot":{"x":-2.923370361328125,"y":3.2295193672180177,"z":1.787389874458313},"rotation":{"x":-0.052204426378011706,"y":-0.48311761021614077,"z":-0.0288698673248291,"w":0.8735339045524597},"size":4.569976329803467,"orthographic":false}