{"cameraMode":{"drawMode":0,"name":"Shaded","section":"Shading Mode"},"sceneLighting":false,"audioPlay":false,"sceneViewState":{"showFog":true,"showMaterialUpdate":false,"showSkybox":false,"showFlares":true,"showImageEffects":true,"showParticleSystems":true},"in2DMode":false,"pivot":{"x":-2.7664501667022707,"y":2.7614355087280275,"z":3.126652240753174},"rotation":{"x":0.028346091508865358,"y":-0.3535207211971283,"z":0.010718739591538906,"w":0.9349387288093567},"size":4.7113142013549809,"orthographic":false}