{"cameraMode":{"drawMode":0,"name":"Shaded","section":"Shading Mode"},"sceneLighting":false,"audioPlay":false,"sceneViewState":{"showFog":true,"showMaterialUpdate":false,"showSkybox":false,"showFlares":true,"showImageEffects":true,"showParticleSystems":true},"in2DMode":false,"pivot":{"x":-3.707998275756836,"y":2.7646188735961916,"z":-0.4160677492618561},"rotation":{"x":-0.015551211312413216,"y":0.7683417797088623,"z":-0.018681760877370836,"w":-0.6395828723907471},"size":4.452828407287598,"orthographic":false}