{"cameraMode":{"drawMode":0,"name":"Shaded","section":"Shading Mode"},"sceneLighting":false,"audioPlay":false,"sceneViewState":{"showFog":true,"showMaterialUpdate":false,"showSkybox":false,"showFlares":true,"showImageEffects":true,"showParticleSystems":true},"in2DMode":false,"pivot":{"x":-2.235074996948242,"y":2.580608367919922,"z":1.6052173376083375},"rotation":{"x":0.02821747213602066,"y":-0.3644263446331024,"z":0.011054856702685357,"w":0.9307533502578735},"size":4.709012508392334,"orthographic":false}