{"cameraMode":{"drawMode":0,"name":"Shaded","section":"Shading Mode"},"sceneLighting":false,"audioPlay":false,"sceneViewState":{"showFog":true,"showMaterialUpdate":false,"showSkybox":false,"showFlares":true,"showImageEffects":true,"showParticleSystems":true},"in2DMode":false,"pivot":{"x":-0.8418086171150208,"y":2.334860324859619,"z":-0.0010004639625549317},"rotation":{"x":-0.00597624946385622,"y":-0.5564278960227966,"z":-0.003999288659542799,"w":0.8308653831481934},"size":4.464254856109619,"orthographic":false}