{"cameraMode":{"drawMode":0,"name":"Shaded","section":"Shading Mode"},"sceneLighting":false,"audioPlay":false,"sceneViewState":{"showFog":true,"showMaterialUpdate":false,"showSkybox":false,"showFlares":true,"showImageEffects":true,"showParticleSystems":true},"in2DMode":false,"pivot":{"x":-0.7218086123466492,"y":2.346735715866089,"z":-0.010100781917572022},"rotation":{"x":-0.00028343888698145747,"y":-0.23770207166671754,"z":-0.00006650351133430377,"w":0.9713424444198608},"size":4.467144966125488,"orthographic":false}