{"cameraMode":{"drawMode":0,"name":"Shaded","section":"Shading Mode"},"sceneLighting":false,"audioPlay":false,"sceneViewState":{"showFog":true,"showMaterialUpdate":false,"showSkybox":false,"showFlares":true,"showImageEffects":true,"showParticleSystems":true},"in2DMode":false,"pivot":{"x":-0.7116861343383789,"y":4.071724891662598,"z":-4.635595321655273},"rotation":{"x":-0.008726072497665882,"y":-0.9912629127502441,"z":-0.09574520587921143,"w":0.09034670144319534},"size":4.710054397583008,"orthographic":false}