{"cameraMode":{"drawMode":0,"name":"Shaded","section":"Shading Mode"},"sceneLighting":false,"audioPlay":false,"sceneViewState":{"showFog":true,"showMaterialUpdate":false,"showSkybox":true,"showFlares":true,"showImageEffects":true,"showParticleSystems":true},"in2DMode":false,"pivot":{"x":-0.577874481678009,"y":1.2506661415100098,"z":-0.203527569770813},"rotation":{"x":0.03705260157585144,"y":-0.9332884550094605,"z":0.10091488063335419,"w":0.3426797091960907},"size":2.4274775981903078,"orthographic":false}