{"cameraMode":{"drawMode":0,"name":"Shaded","section":"Shading Mode"},"sceneLighting":false,"audioPlay":false,"sceneViewState":{"showFog":true,"showMaterialUpdate":false,"showSkybox":false,"showFlares":true,"showImageEffects":true,"showParticleSystems":true},"in2DMode":false,"pivot":{"x":-0.38950687646865847,"y":3.0763323307037355,"z":0.11144374310970307},"rotation":{"x":-0.05116933211684227,"y":0.7125800848007202,"z":-0.05226854607462883,"w":-0.6977912783622742},"size":0.5730606317520142,"orthographic":false}