{"cameraMode":{"drawMode":0,"name":"Shaded","section":"Shading Mode"},"sceneLighting":false,"audioPlay":false,"sceneViewState":{"showFog":true,"showMaterialUpdate":false,"showSkybox":false,"showFlares":true,"showImageEffects":true,"showParticleSystems":true},"in2DMode":false,"pivot":{"x":-1.4110288619995118,"y":2.8006131649017336,"z":1.054958462715149},"rotation":{"x":-0.005628844723105431,"y":0.5218116641044617,"z":-0.0034652024041861297,"w":-0.8530642986297607},"size":4.613879203796387,"orthographic":false}