{"cameraMode":{"drawMode":0,"name":"Shaded","section":"Shading Mode"},"sceneLighting":false,"audioPlay":false,"sceneViewState":{"showFog":true,"showMaterialUpdate":false,"showSkybox":false,"showFlares":true,"showImageEffects":true,"showParticleSystems":true},"in2DMode":false,"pivot":{"x":-0.8400086164474487,"y":2.3685531616210939,"z":0.000009059906005859375},"rotation":{"x":0.04614038020372391,"y":-0.5476089119911194,"z":0.030266018584370614,"w":0.8349205851554871},"size":4.5218186378479,"orthographic":false}