{"cameraMode":{"drawMode":0,"name":"Shaded","section":"Shading Mode"},"sceneLighting":false,"audioPlay":false,"sceneViewState":{"showFog":true,"showMaterialUpdate":false,"showSkybox":false,"showFlares":true,"showImageEffects":true,"showParticleSystems":true},"in2DMode":false,"pivot":{"x":-1.5908459424972535,"y":2.9652082920074465,"z":0.5667657852172852},"rotation":{"x":0.08928369730710983,"y":-0.48302385210990908,"z":0.04959077388048172,"w":0.8696340322494507},"size":2.439175605773926,"orthographic":false}