{"cameraMode":{"drawMode":0,"name":"Shaded","section":"Shading Mode"},"sceneLighting":false,"audioPlay":false,"sceneViewState":{"showFog":true,"showMaterialUpdate":false,"showSkybox":true,"showFlares":true,"showImageEffects":true,"showParticleSystems":true},"in2DMode":false,"pivot":{"x":-0.27347373962402346,"y":1.5356097221374512,"z":-0.2770906388759613},"rotation":{"x":-0.013293851166963578,"y":0.8568140268325806,"z":-0.022119799628853799,"w":-0.5149965882301331},"size":1.9336127042770386,"orthographic":false}