{"cameraMode":{"drawMode":0,"name":"Shaded","section":"Shading Mode"},"sceneLighting":false,"audioPlay":false,"sceneViewState":{"showFog":true,"showMaterialUpdate":false,"showSkybox":false,"showFlares":true,"showImageEffects":true,"showParticleSystems":true},"in2DMode":false,"pivot":{"x":-0.7954025268554688,"y":2.334860324859619,"z":-0.005173385143280029},"rotation":{"x":-0.0003146236704196781,"y":0.9644893407821655,"z":0.0011479657841846347,"w":0.2641296684741974},"size":4.473126411437988,"orthographic":false}