{"cameraMode":{"drawMode":0,"name":"Shaded","section":"Shading Mode"},"sceneLighting":false,"audioPlay":false,"sceneViewState":{"showFog":true,"showMaterialUpdate":false,"showSkybox":false,"showFlares":true,"showImageEffects":true,"showParticleSystems":true},"in2DMode":false,"pivot":{"x":1.1216309070587159,"y":1.402403473854065,"z":-3.1459479331970217},"rotation":{"x":0.0018584845820441843,"y":-0.9850050806999207,"z":-0.010629072785377503,"w":-0.1722358912229538},"size":4.605450630187988,"orthographic":false}