{"cameraMode":{"drawMode":0,"name":"Shaded","section":"Shading Mode"},"sceneLighting":false,"audioPlay":false,"sceneViewState":{"showFog":true,"showMaterialUpdate":false,"showSkybox":false,"showFlares":true,"showImageEffects":true,"showParticleSystems":true},"in2DMode":false,"pivot":{"x":-4.627554893493652,"y":3.1084601879119875,"z":0.47026410698890688},"rotation":{"x":0.010921234264969826,"y":0.6687377691268921,"z":0.009824210777878762,"w":-0.7433667778968811},"size":4.6205291748046879,"orthographic":false}