{"cameraMode":{"drawMode":0,"name":"Shaded","section":"Shading Mode"},"sceneLighting":false,"audioPlay":false,"sceneViewState":{"showFog":true,"showMaterialUpdate":false,"showSkybox":false,"showFlares":true,"showImageEffects":true,"showParticleSystems":true},"in2DMode":false,"pivot":{"x":-3.8333067893981935,"y":2.6100995540618898,"z":-0.7662276029586792},"rotation":{"x":-0.022695917636156083,"y":0.8060250282287598,"z":-0.030976051464676858,"w":-0.5906507968902588},"size":4.749837398529053,"orthographic":false}