{"cameraMode":{"drawMode":0,"name":"Shaded","section":"Shading Mode"},"sceneLighting":false,"audioPlay":false,"sceneViewState":{"showFog":true,"showMaterialUpdate":false,"showSkybox":false,"showFlares":true,"showImageEffects":true,"showParticleSystems":true},"in2DMode":false,"pivot":{"x":-0.9300470352172852,"y":1.9493420124053956,"z":-3.1758687496185304},"rotation":{"x":-0.00713117653504014,"y":-0.9924589395523071,"z":-0.07097305357456207,"w":0.09978486597537995},"size":4.849521636962891,"orthographic":false}