{"cameraMode":{"drawMode":0,"name":"Shaded","section":"Shading Mode"},"sceneLighting":false,"audioPlay":false,"sceneViewState":{"showFog":true,"showMaterialUpdate":false,"showSkybox":true,"showFlares":true,"showImageEffects":true,"showParticleSystems":true},"in2DMode":false,"pivot":{"x":1.0571837425231934,"y":0.6575518846511841,"z":3.2249398231506349},"rotation":{"x":-0.1400836706161499,"y":-0.04813467711210251,"z":0.006803274620324373,"w":-0.9889671206474304},"size":5.136047840118408,"orthographic":false}