{"cameraMode":{"drawMode":0,"name":"Shaded","section":"Shading Mode"},"sceneLighting":false,"audioPlay":false,"sceneViewState":{"showFog":true,"showMaterialUpdate":false,"showSkybox":false,"showFlares":true,"showImageEffects":true,"showParticleSystems":true},"in2DMode":false,"pivot":{"x":-0.721808671951294,"y":2.5460000038146974,"z":-0.013593912124633789},"rotation":{"x":-0.0024250359274446966,"y":-0.9234132766723633,"z":0.0058252220042049889,"w":-0.3837834298610687},"size":2.8578836917877199,"orthographic":false}