{"cameraMode":{"drawMode":0,"name":"Shaded","section":"Shading Mode"},"sceneLighting":false,"audioPlay":false,"sceneViewState":{"showFog":true,"showMaterialUpdate":false,"showSkybox":false,"showFlares":true,"showImageEffects":true,"showParticleSystems":true},"in2DMode":false,"pivot":{"x":0.797450602054596,"y":1.791710615158081,"z":-2.6288022994995119},"rotation":{"x":0.012973776087164879,"y":-0.9811736941337586,"z":-0.0710533931851387,"w":-0.17915983498096467},"size":4.563261985778809,"orthographic":false}