{"cameraMode":{"drawMode":0,"name":"Shaded","section":"Shading Mode"},"sceneLighting":false,"audioPlay":false,"sceneViewState":{"showFog":true,"showMaterialUpdate":false,"showSkybox":false,"showFlares":true,"showImageEffects":true,"showParticleSystems":true},"in2DMode":false,"pivot":{"x":-1.2395515441894532,"y":2.9150750637054445,"z":0.07716730982065201},"rotation":{"x":0.029788119718432428,"y":-0.6379206776618958,"z":0.024707084521651269,"w":0.7691456079483032},"size":1.8801827430725098,"orthographic":false}