{"cameraMode":{"drawMode":0,"name":"Shaded","section":"Shading Mode"},"sceneLighting":false,"audioPlay":false,"sceneViewState":{"showFog":true,"showMaterialUpdate":false,"showSkybox":false,"showFlares":true,"showImageEffects":true,"showParticleSystems":true},"in2DMode":false,"pivot":{"x":-4.2746171951293949,"y":2.4971985816955568,"z":0.41040343046188357},"rotation":{"x":-0.050943296402692798,"y":0.6687837839126587,"z":-0.046028025448322299,"w":-0.7403051853179932},"size":4.788839817047119,"orthographic":false}