{"cameraMode":{"drawMode":0,"name":"Shaded","section":"Shading Mode"},"sceneLighting":false,"audioPlay":false,"sceneViewState":{"showFog":true,"showMaterialUpdate":false,"showSkybox":false,"showFlares":true,"showImageEffects":true,"showParticleSystems":true},"in2DMode":false,"pivot":{"x":-6.059701919555664,"y":2.544670343399048,"z":0.2846338450908661},"rotation":{"x":0.03021581657230854,"y":-0.6884616613388062,"z":0.028736324980854989,"w":0.7240966558456421},"size":6.51662015914917,"orthographic":false}