{"cameraMode":{"drawMode":0,"name":"Shaded","section":"Shading Mode"},"sceneLighting":false,"audioPlay":false,"sceneViewState":{"showFog":true,"showMaterialUpdate":false,"showSkybox":false,"showFlares":true,"showImageEffects":true,"showParticleSystems":true},"in2DMode":false,"pivot":{"x":-4.634853363037109,"y":3.1958060264587404,"z":0.08964996039867401},"rotation":{"x":0.004054494202136993,"y":0.7015661001205444,"z":0.003992506302893162,"w":-0.7125962376594544},"size":4.749837398529053,"orthographic":false}