{"cameraMode":{"drawMode":0,"name":"Shaded","section":"Shading Mode"},"sceneLighting":false,"audioPlay":false,"sceneViewState":{"showFog":true,"showMaterialUpdate":false,"showSkybox":false,"showFlares":true,"showImageEffects":true,"showParticleSystems":true},"in2DMode":false,"pivot":{"x":-0.7527085542678833,"y":2.155876636505127,"z":0.00006449222564697266},"rotation":{"x":0.0718749463558197,"y":-0.2688698470592499,"z":0.02012723498046398,"w":0.9602871537208557},"size":4.862122535705566,"orthographic":false}