{"cameraMode":{"drawMode":0,"name":"Shaded","section":"Shading Mode"},"sceneLighting":false,"audioPlay":false,"sceneViewState":{"showFog":true,"showMaterialUpdate":false,"showSkybox":false,"showFlares":true,"showImageEffects":true,"showParticleSystems":true},"in2DMode":false,"pivot":{"x":-2.5353269577026369,"y":2.344463348388672,"z":-2.0523457527160646},"rotation":{"x":-0.019165927544236184,"y":0.9327517151832581,"z":-0.05014713108539581,"w":-0.3565443754196167},"size":4.067870616912842,"orthographic":false}