{"cameraMode":{"drawMode":0,"name":"Shaded","section":"Shading Mode"},"sceneLighting":false,"audioPlay":false,"sceneViewState":{"showFog":true,"showMaterialUpdate":false,"showSkybox":true,"showFlares":true,"showImageEffects":true,"showParticleSystems":true},"in2DMode":false,"pivot":{"x":0.20346522331237794,"y":1.4564815759658814,"z":0.5435211658477783},"rotation":{"x":-0.01443149708211422,"y":0.8044260740280151,"z":-0.019560011103749276,"w":-0.5935690999031067},"size":1.9336127042770386,"orthographic":false}