{"cameraMode":{"drawMode":0,"name":"Shaded","section":"Shading Mode"},"sceneLighting":false,"audioPlay":false,"sceneViewState":{"showFog":true,"showMaterialUpdate":false,"showSkybox":false,"showFlares":true,"showImageEffects":true,"showParticleSystems":true},"in2DMode":false,"pivot":{"x":-4.852639198303223,"y":3.671766757965088,"z":0.8840556144714356},"rotation":{"x":0.0597638264298439,"y":0.6251557469367981,"z":0.0481005422770977,"w":-0.7767457365989685},"size":5.625675678253174,"orthographic":false}