{"cameraMode":{"drawMode":0,"name":"Shaded","section":"Shading Mode"},"sceneLighting":false,"audioPlay":false,"sceneViewState":{"showFog":true,"showMaterialUpdate":false,"showSkybox":false,"showFlares":true,"showImageEffects":true,"showParticleSystems":true},"in2DMode":false,"pivot":{"x":-2.7287209033966066,"y":2.243208169937134,"z":-0.2316114455461502},"rotation":{"x":-0.05328969657421112,"y":0.7249830365180969,"z":-0.056454192847013476,"w":-0.684400737285614},"size":4.067870616912842,"orthographic":false}