{"cameraMode":{"drawMode":0,"name":"Shaded","section":"Shading Mode"},"sceneLighting":false,"audioPlay":false,"sceneViewState":{"showFog":true,"showMaterialUpdate":false,"showSkybox":false,"showFlares":true,"showImageEffects":true,"showParticleSystems":true},"in2DMode":false,"pivot":{"x":-3.964879274368286,"y":2.1306838989257814,"z":-0.9937230348587036},"rotation":{"x":0.06471294164657593,"y":-0.818101167678833,"z":0.09392646700143814,"w":0.5636553168296814},"size":4.7113142013549809,"orthographic":false}