{"cameraMode":{"drawMode":0,"name":"Shaded","section":"Shading Mode"},"sceneLighting":false,"audioPlay":false,"sceneViewState":{"showFog":true,"showMaterialUpdate":false,"showSkybox":false,"showFlares":true,"showImageEffects":true,"showParticleSystems":true},"in2DMode":false,"pivot":{"x":-0.85123610496521,"y":1.42107093334198,"z":-2.2922403812408449},"rotation":{"x":0.00011335922317812219,"y":-0.9956064224243164,"z":0.0012041049776598812,"w":0.09375555068254471},"size":4.570512771606445,"orthographic":false}