{"cameraMode":{"drawMode":0,"name":"Shaded","section":"Shading Mode"},"sceneLighting":false,"audioPlay":false,"sceneViewState":{"showFog":true,"showMaterialUpdate":false,"showSkybox":true,"showFlares":true,"showImageEffects":true,"showParticleSystems":true},"in2DMode":false,"pivot":{"x":-0.3057231903076172,"y":1.3408305644989014,"z":0.05608654022216797},"rotation":{"x":-0.08705893903970719,"y":0.3212364614009857,"z":-0.0296892412006855,"w":-0.9425504207611084},"size":2.6539809703826906,"orthographic":false}