{"cameraMode":{"drawMode":0,"name":"Shaded","section":"Shading Mode"},"sceneLighting":false,"audioPlay":false,"sceneViewState":{"showFog":true,"showMaterialUpdate":false,"showSkybox":false,"showFlares":true,"showImageEffects":true,"showParticleSystems":true},"in2DMode":false,"pivot":{"x":-4.265208721160889,"y":3.2686734199523927,"z":0.682610034942627},"rotation":{"x":0.05675802752375603,"y":0.6543609499931336,"z":0.04936085641384125,"w":-0.7524341940879822},"size":4.7412333488464359,"orthographic":false}