{"cameraMode":{"drawMode":0,"name":"Shaded","section":"Shading Mode"},"sceneLighting":false,"audioPlay":false,"sceneViewState":{"showFog":true,"showMaterialUpdate":false,"showSkybox":false,"showFlares":true,"showImageEffects":true,"showParticleSystems":true},"in2DMode":false,"pivot":{"x":0.005153954029083252,"y":0.8152759671211243,"z":-0.0012487471103668213},"rotation":{"x":0.002006134018301964,"y":-0.9664168357849121,"z":0.007547434885054827,"w":0.2568719983100891},"size":4.358926773071289,"orthographic":false}