{"cameraMode":{"drawMode":0,"name":"Shaded","section":"Shading Mode"},"sceneLighting":true,"audioPlay":false,"sceneViewState":{"showFog":true,"showMaterialUpdate":false,"showSkybox":true,"showFlares":true,"showImageEffects":true,"showParticleSystems":true},"in2DMode":false,"pivot":{"x":-4.617122650146484,"y":1.239349365234375,"z":3.5927836894989015},"rotation":{"x":-0.016645079478621484,"y":-0.41453033685684206,"z":-0.007581127807497978,"w":0.9098610877990723},"size":7.689579010009766,"orthographic":false}