{"cameraMode":{"drawMode":0,"name":"Shaded","section":"Shading Mode"},"sceneLighting":false,"audioPlay":false,"sceneViewState":{"showFog":true,"showMaterialUpdate":false,"showSkybox":false,"showFlares":true,"showImageEffects":true,"showParticleSystems":true},"in2DMode":false,"pivot":{"x":-4.265880107879639,"y":2.571876049041748,"z":-0.4982483386993408},"rotation":{"x":0.03428729251027107,"y":-0.759192705154419,"z":0.04013391584157944,"w":0.6487380266189575},"size":4.700046062469482,"orthographic":false}