{"cameraMode":{"drawMode":0,"name":"Shaded","section":"Shading Mode"},"sceneLighting":false,"audioPlay":false,"sceneViewState":{"showFog":true,"showMaterialUpdate":false,"showSkybox":false,"showFlares":true,"showImageEffects":true,"showParticleSystems":true},"in2DMode":false,"pivot":{"x":-3.6062052249908449,"y":2.330418348312378,"z":0.1820574551820755},"rotation":{"x":-0.047329507768154147,"y":0.7078394293785095,"z":-0.047649405896663669,"w":-0.7032021284103394},"size":4.473126411437988,"orthographic":false}