{"cameraMode":{"drawMode":0,"name":"Shaded","section":"Shading Mode"},"sceneLighting":false,"audioPlay":false,"sceneViewState":{"showFog":true,"showMaterialUpdate":false,"showSkybox":false,"showFlares":true,"showImageEffects":true,"showParticleSystems":true},"in2DMode":false,"pivot":{"x":-1.8366186618804932,"y":2.7591888904571535,"z":1.2984074354171754},"rotation":{"x":-0.05782940611243248,"y":0.2462831288576126,"z":-0.014723049476742745,"w":-0.9673599600791931},"size":2.877023935317993,"orthographic":false}