{"cameraMode":{"drawMode":0,"name":"Shaded","section":"Shading Mode"},"sceneLighting":false,"audioPlay":false,"sceneViewState":{"showFog":true,"showMaterialUpdate":false,"showSkybox":false,"showFlares":true,"showImageEffects":true,"showParticleSystems":true},"in2DMode":false,"pivot":{"x":-4.0205206871032719,"y":2.8300621509552,"z":-1.2270359992980958},"rotation":{"x":-0.020678607746958734,"y":0.8276496529579163,"z":-0.03056371957063675,"w":-0.5600482821464539},"size":4.749837398529053,"orthographic":false}