{"cameraMode":{"drawMode":0,"name":"Shaded","section":"Shading Mode"},"sceneLighting":false,"audioPlay":false,"sceneViewState":{"showFog":true,"showMaterialUpdate":false,"showSkybox":false,"showFlares":true,"showImageEffects":true,"showParticleSystems":true},"in2DMode":false,"pivot":{"x":0.4357582926750183,"y":1.378728985786438,"z":-3.3382046222686769},"rotation":{"x":-0.0003715956991072744,"y":-0.9978723526000977,"z":0.00569745572283864,"w":-0.06506112962961197},"size":4.542407989501953,"orthographic":false}