{"cameraMode":{"drawMode":0,"name":"Shaded","section":"Shading Mode"},"sceneLighting":false,"audioPlay":false,"sceneViewState":{"showFog":true,"showMaterialUpdate":false,"showSkybox":false,"showFlares":true,"showImageEffects":true,"showParticleSystems":true},"in2DMode":false,"pivot":{"x":-1.0311121940612794,"y":1.2158629894256592,"z":-3.124138355255127},"rotation":{"x":-0.006999797187745571,"y":0.9874036908149719,"z":-0.04566005617380142,"w":-0.15136685967445374},"size":4.295660972595215,"orthographic":false}