{"cameraMode":{"drawMode":0,"name":"Shaded","section":"Shading Mode"},"sceneLighting":false,"audioPlay":false,"sceneViewState":{"showFog":true,"showMaterialUpdate":false,"showSkybox":false,"showFlares":true,"showImageEffects":true,"showParticleSystems":true},"in2DMode":false,"pivot":{"x":-0.7218085527420044,"y":2.3486578464508058,"z":-0.000034928321838378906},"rotation":{"x":0.02745758928358555,"y":-0.7782701253890991,"z":0.0341186448931694,"w":0.6264011859893799},"size":4.709786891937256,"orthographic":false}