{"cameraMode":{"drawMode":0,"name":"Shaded","section":"Shading Mode"},"sceneLighting":false,"audioPlay":false,"sceneViewState":{"showFog":true,"showMaterialUpdate":false,"showSkybox":false,"showFlares":true,"showImageEffects":true,"showParticleSystems":true},"in2DMode":false,"pivot":{"x":-1.4731178283691407,"y":2.8021883964538576,"z":-0.10930809378623963},"rotation":{"x":0.03373420983552933,"y":-0.761939287185669,"z":0.03981701284646988,"w":0.6455485820770264},"size":2.140442132949829,"orthographic":false}