{"cameraMode":{"drawMode":0,"name":"Shaded","section":"Shading Mode"},"sceneLighting":false,"audioPlay":false,"sceneViewState":{"showFog":true,"showMaterialUpdate":false,"showSkybox":false,"showFlares":true,"showImageEffects":true,"showParticleSystems":true},"in2DMode":false,"pivot":{"x":2.7298805713653566,"y":1.616098165512085,"z":-1.6572620868682862},"rotation":{"x":-0.028273189440369607,"y":-0.8575022220611572,"z":0.04738957807421684,"w":-0.5115447640419006},"size":6.51662015914917,"orthographic":false}