{"cameraMode":{"drawMode":0,"name":"Shaded","section":"Shading Mode"},"sceneLighting":false,"audioPlay":false,"sceneViewState":{"showFog":true,"showMaterialUpdate":false,"showSkybox":false,"showFlares":true,"showImageEffects":true,"showParticleSystems":true},"in2DMode":false,"pivot":{"x":-0.6371816396713257,"y":2.8040664196014406,"z":0.0968765914440155},"rotation":{"x":-0.03346843272447586,"y":0.4362810552120209,"z":-0.01624138280749321,"w":-0.8990421891212463},"size":1.7443867921829224,"orthographic":false}