{"cameraMode":{"drawMode":0,"name":"Shaded","section":"Shading Mode"},"sceneLighting":false,"audioPlay":false,"sceneViewState":{"showFog":true,"showMaterialUpdate":false,"showSkybox":false,"showFlares":true,"showImageEffects":true,"showParticleSystems":true},"in2DMode":false,"pivot":{"x":-0.060007572174072269,"y":2.744718074798584,"z":0.17325226962566377},"rotation":{"x":0.07515229284763336,"y":-0.656755805015564,"z":0.06603503972291947,"w":0.7474445104598999},"size":1.6319782733917237,"orthographic":false}