{"cameraMode":{"drawMode":0,"name":"Shaded","section":"Shading Mode"},"sceneLighting":false,"audioPlay":false,"sceneViewState":{"showFog":true,"showMaterialUpdate":false,"showSkybox":false,"showFlares":true,"showImageEffects":true,"showParticleSystems":true},"in2DMode":false,"pivot":{"x":-3.752856492996216,"y":2.8628504276275636,"z":0.8018592596054077},"rotation":{"x":-0.00022581563098356128,"y":-0.6279449462890625,"z":-0.0001827806408982724,"w":0.7782666087150574},"size":4.726461410522461,"orthographic":false}