{"cameraMode":{"drawMode":0,"name":"Shaded","section":"Shading Mode"},"sceneLighting":false,"audioPlay":false,"sceneViewState":{"showFog":true,"showMaterialUpdate":false,"showSkybox":false,"showFlares":true,"showImageEffects":true,"showParticleSystems":true},"in2DMode":false,"pivot":{"x":0.991226077079773,"y":2.8236989974975588,"z":0.09786586463451386},"rotation":{"x":0.007395357824862003,"y":0.7093992829322815,"z":0.0074401432648301128,"w":-0.7047337293624878},"size":0.1590120941400528,"orthographic":false}