{"cameraMode":{"drawMode":0,"name":"Shaded","section":"Shading Mode"},"sceneLighting":false,"audioPlay":false,"sceneViewState":{"showFog":true,"showMaterialUpdate":false,"showSkybox":false,"showFlares":true,"showImageEffects":true,"showParticleSystems":true},"in2DMode":false,"pivot":{"x":-3.3994719982147219,"y":1.335764765739441,"z":0.03559359535574913},"rotation":{"x":-0.01137770526111126,"y":-0.7114571928977966,"z":-0.01151750423014164,"w":0.7025595903396606},"size":4.681606292724609,"orthographic":false}