{"cameraMode":{"drawMode":0,"name":"Shaded","section":"Shading Mode"},"sceneLighting":false,"audioPlay":false,"sceneViewState":{"showFog":true,"showMaterialUpdate":false,"showSkybox":false,"showFlares":true,"showImageEffects":true,"showParticleSystems":true},"in2DMode":false,"pivot":{"x":-0.7942065596580505,"y":2.3637378215789797,"z":-0.009606003761291504},"rotation":{"x":-0.0017317722085863352,"y":-0.2565973103046417,"z":-0.00045736043830402195,"w":0.9665240049362183},"size":4.608774185180664,"orthographic":false}