{"cameraMode":{"drawMode":0,"name":"Shaded","section":"Shading Mode"},"sceneLighting":false,"audioPlay":false,"sceneViewState":{"showFog":true,"showMaterialUpdate":false,"showSkybox":false,"showFlares":true,"showImageEffects":true,"showParticleSystems":true},"in2DMode":false,"pivot":{"x":-0.8418087363243103,"y":2.3965444564819338,"z":-0.004885852336883545},"rotation":{"x":-0.022664181888103486,"y":0.7012174725532532,"z":-0.022313039749860765,"w":-0.7122442722320557},"size":4.710306167602539,"orthographic":false}