{"cameraMode":{"drawMode":0,"name":"Shaded","section":"Shading Mode"},"sceneLighting":false,"audioPlay":false,"sceneViewState":{"showFog":true,"showMaterialUpdate":false,"showSkybox":false,"showFlares":true,"showImageEffects":true,"showParticleSystems":true},"in2DMode":false,"pivot":{"x":-0.7245086431503296,"y":2.3699584007263185,"z":-0.009115815162658692},"rotation":{"x":-0.0017317722085863352,"y":-0.2565973103046417,"z":-0.00045736043830402195,"w":0.9665240049362183},"size":4.649627685546875,"orthographic":false}