{"cameraMode":{"drawMode":0,"name":"Shaded","section":"Shading Mode"},"sceneLighting":false,"audioPlay":false,"sceneViewState":{"showFog":true,"showMaterialUpdate":false,"showSkybox":false,"showFlares":true,"showImageEffects":true,"showParticleSystems":true},"in2DMode":false,"pivot":{"x":-4.092179775238037,"y":3.3320977687835695,"z":0.38005104660987856},"rotation":{"x":0.017049288377165796,"y":0.6634887456893921,"z":0.015120834112167359,"w":-0.7478652596473694},"size":4.725675106048584,"orthographic":false}